deslocamento_final,z_padronizado
74.0,0.74
4.0,0.04
42.0,0.42
-80.0,-0.8
-62.0,-0.62
60.0,0.6
90.0,0.9
-108.0,-1.08
-46.0,-0.46
-52.0,-0.52
-54.0,-0.54
62.0,0.62
74.0,0.74
134.0,1.34
86.0,0.86
-38.0,-0.38
46.0,0.46
194.0,1.94
-102.0,-1.02
22.0,0.22
206.0,2.06
-86.0,-0.86
-16.0,-0.16
-90.0,-0.9
-148.0,-1.48
8.0,0.08
-190.0,-1.9
-44.0,-0.44
34.0,0.34
98.0,0.98
-6.0,-0.06
12.0,0.12
36.0,0.36
-108.0,-1.08
-162.0,-1.62
-16.0,-0.16
-76.0,-0.76
4.0,0.04
38.0,0.38
-110.0,-1.1
-84.0,-0.84
104.0,1.04
-76.0,-0.76
162.0,1.62
82.0,0.82
80.0,0.8
10.0,0.1
70.0,0.7
220.0,2.2
-108.0,-1.08
-112.0,-1.12
-250.0,-2.5
-84.0,-0.84
58.0,0.58
-4.0,-0.04
-94.0,-0.94
86.0,0.86
-80.0,-0.8
-4.0,-0.04
-96.0,-0.96
42.0,0.42
4.0,0.04
178.0,1.78
96.0,0.96
82.0,0.82
-72.0,-0.72
2.0,0.02
4.0,0.04
-62.0,-0.62
-120.0,-1.2
98.0,0.98
-160.0,-1.6
46.0,0.46
-14.0,-0.14
-110.0,-1.1
106.0,1.06
0.0,0.0
8.0,0.08
84.0,0.84
-86.0,-0.86
14.0,0.14
-68.0,-0.68
-74.0,-0.74
64.0,0.64
-136.0,-1.36
-60.0,-0.6
-132.0,-1.32
10.0,0.1
216.0,2.16
34.0,0.34
16.0,0.16
-134.0,-1.34
-192.0,-1.92
-18.0,-0.18
-28.0,-0.28
136.0,1.36
32.0,0.32
-124.0,-1.24
-10.0,-0.1
110.0,1.1
-22.0,-0.22
-16.0,-0.16
-28.0,-0.28
-106.0,-1.06
20.0,0.2
-4.0,-0.04
-152.0,-1.52
72.0,0.72
30.0,0.3
-70.0,-0.7
-130.0,-1.3
-16.0,-0.16
-80.0,-0.8
-236.0,-2.36
-30.0,-0.3
-134.0,-1.34
92.0,0.92
-212.0,-2.12
-100.0,-1.0
48.0,0.48
-14.0,-0.14
-122.0,-1.22
44.0,0.44
-12.0,-0.12
-148.0,-1.48
90.0,0.9
-36.0,-0.36
-160.0,-1.6
-70.0,-0.7
-98.0,-0.98
24.0,0.24
72.0,0.72
-44.0,-0.44
-28.0,-0.28
60.0,0.6
66.0,0.66
-22.0,-0.22
6.0,0.06
-36.0,-0.36
-42.0,-0.42
34.0,0.34
18.0,0.18
60.0,0.6
-130.0,-1.3
-28.0,-0.28
-110.0,-1.1
102.0,1.02
-14.0,-0.14
116.0,1.16
70.0,0.7
-74.0,-0.74
68.0,0.68
-10.0,-0.1
118.0,1.18
-106.0,-1.06
-54.0,-0.54
8.0,0.08
118.0,1.18
66.0,0.66
-44.0,-0.44
-40.0,-0.4
-36.0,-0.36
-142.0,-1.42
22.0,0.22
178.0,1.78
-142.0,-1.42
6.0,0.06
-260.0,-2.6
-42.0,-0.42
-122.0,-1.22
-4.0,-0.04
70.0,0.7
-68.0,-0.68
-148.0,-1.48
-156.0,-1.56
-84.0,-0.84
6.0,0.06
2.0,0.02
158.0,1.58
62.0,0.62
-84.0,-0.84
-4.0,-0.04
-14.0,-0.14
-36.0,-0.36
-6.0,-0.06
-160.0,-1.6
26.0,0.26
-78.0,-0.78
98.0,0.98
-6.0,-0.06
66.0,0.66
-50.0,-0.5
-22.0,-0.22
110.0,1.1
4.0,0.04
38.0,0.38
-114.0,-1.14
-14.0,-0.14
84.0,0.84
-72.0,-0.72
-106.0,-1.06
-30.0,-0.3
-20.0,-0.2
48.0,0.48
-142.0,-1.42
18.0,0.18
86.0,0.86
-118.0,-1.18
-128.0,-1.28
-54.0,-0.54
-140.0,-1.4
16.0,0.16
-32.0,-0.32
80.0,0.8
-104.0,-1.04
78.0,0.78
108.0,1.08
-66.0,-0.66
10.0,0.1
-6.0,-0.06
32.0,0.32
88.0,0.88
50.0,0.5
134.0,1.34
-18.0,-0.18
-14.0,-0.14
-242.0,-2.42
116.0,1.16
-130.0,-1.3
108.0,1.08
82.0,0.82
58.0,0.58
152.0,1.52
-114.0,-1.14
50.0,0.5
-138.0,-1.38
94.0,0.94
72.0,0.72
174.0,1.74
218.0,2.18
52.0,0.52
94.0,0.94
76.0,0.76
136.0,1.36
-134.0,-1.34
-98.0,-0.98
-20.0,-0.2
50.0,0.5
-118.0,-1.18
2.0,0.02
12.0,0.12
58.0,0.58
102.0,1.02
4.0,0.04
-30.0,-0.3
-138.0,-1.38
8.0,0.08
-64.0,-0.64
172.0,1.72
-84.0,-0.84
2.0,0.02
-106.0,-1.06
-18.0,-0.18
68.0,0.68
-24.0,-0.24
102.0,1.02
80.0,0.8
82.0,0.82
8.0,0.08
138.0,1.38
-26.0,-0.26
104.0,1.04
56.0,0.56
-192.0,-1.92
82.0,0.82
20.0,0.2
108.0,1.08
108.0,1.08
-62.0,-0.62
-34.0,-0.34
-98.0,-0.98
-26.0,-0.26
-154.0,-1.54
-18.0,-0.18
12.0,0.12
-54.0,-0.54
-28.0,-0.28
-6.0,-0.06
-138.0,-1.38
-194.0,-1.94
254.0,2.54
112.0,1.12
148.0,1.48
-80.0,-0.8
146.0,1.46
212.0,2.12
-86.0,-0.86
22.0,0.22
26.0,0.26
-184.0,-1.84
-116.0,-1.16
16.0,0.16
92.0,0.92
62.0,0.62
26.0,0.26
144.0,1.44
-40.0,-0.4
64.0,0.64
-52.0,-0.52
54.0,0.54
-80.0,-0.8
-24.0,-0.24
30.0,0.3
58.0,0.58
104.0,1.04
-64.0,-0.64
8.0,0.08
-10.0,-0.1
66.0,0.66
-30.0,-0.3
-24.0,-0.24
2.0,0.02
52.0,0.52
106.0,1.06
18.0,0.18
-84.0,-0.84
-62.0,-0.62
0.0,0.0
86.0,0.86
-32.0,-0.32
74.0,0.74
82.0,0.82
-38.0,-0.38
-88.0,-0.88
-68.0,-0.68
12.0,0.12
92.0,0.92
-138.0,-1.38
-100.0,-1.0
90.0,0.9
2.0,0.02
-74.0,-0.74
14.0,0.14
-82.0,-0.82
0.0,0.0
58.0,0.58
-38.0,-0.38
32.0,0.32
-42.0,-0.42
-34.0,-0.34
-32.0,-0.32
-26.0,-0.26
74.0,0.74
-14.0,-0.14
66.0,0.66
-66.0,-0.66
-76.0,-0.76
-84.0,-0.84
-148.0,-1.48
-36.0,-0.36
50.0,0.5
-50.0,-0.5
-54.0,-0.54
-86.0,-0.86
60.0,0.6
-16.0,-0.16
44.0,0.44
-50.0,-0.5
56.0,0.56
4.0,0.04
4.0,0.04
88.0,0.88
-144.0,-1.44
-74.0,-0.74
70.0,0.7
144.0,1.44
-22.0,-0.22
8.0,0.08
28.0,0.28
70.0,0.7
-98.0,-0.98
-28.0,-0.28
136.0,1.36
6.0,0.06
-70.0,-0.7
-138.0,-1.38
-12.0,-0.12
-58.0,-0.58
-56.0,-0.56
-8.0,-0.08
-24.0,-0.24
90.0,0.9
84.0,0.84
52.0,0.52
-32.0,-0.32
-72.0,-0.72
-6.0,-0.06
-132.0,-1.32
114.0,1.14
72.0,0.72
24.0,0.24
-84.0,-0.84
-10.0,-0.1
0.0,0.0
146.0,1.46
16.0,0.16
-254.0,-2.54
60.0,0.6
198.0,1.98
132.0,1.32
20.0,0.2
120.0,1.2
22.0,0.22
56.0,0.56
32.0,0.32
-156.0,-1.56
130.0,1.3
-86.0,-0.86
100.0,1.0
-100.0,-1.0
-148.0,-1.48
-196.0,-1.96
-114.0,-1.14
-168.0,-1.68
-56.0,-0.56
114.0,1.14
96.0,0.96
32.0,0.32
30.0,0.3
116.0,1.16
48.0,0.48
16.0,0.16
14.0,0.14
-12.0,-0.12
-264.0,-2.64
-30.0,-0.3
294.0,2.94
-102.0,-1.02
60.0,0.6
-160.0,-1.6
12.0,0.12
-46.0,-0.46
-126.0,-1.26
12.0,0.12
90.0,0.9
158.0,1.58
-56.0,-0.56
-6.0,-0.06
-136.0,-1.36
188.0,1.88
148.0,1.48
38.0,0.38
260.0,2.6
44.0,0.44
-56.0,-0.56
-60.0,-0.6
88.0,0.88
-44.0,-0.44
0.0,0.0
-52.0,-0.52
-76.0,-0.76
22.0,0.22
38.0,0.38
96.0,0.96
-28.0,-0.28
84.0,0.84
16.0,0.16
-162.0,-1.62
32.0,0.32
104.0,1.04
98.0,0.98
32.0,0.32
-214.0,-2.14
106.0,1.06
-208.0,-2.08
70.0,0.7
46.0,0.46
-70.0,-0.7
16.0,0.16
24.0,0.24
-34.0,-0.34
-18.0,-0.18
-82.0,-0.82
42.0,0.42
146.0,1.46
-38.0,-0.38
-142.0,-1.42
40.0,0.4
2.0,0.02
-44.0,-0.44
58.0,0.58
48.0,0.48
-60.0,-0.6
26.0,0.26
238.0,2.38
-112.0,-1.12
78.0,0.78
-190.0,-1.9
-46.0,-0.46
50.0,0.5
32.0,0.32
152.0,1.52
-132.0,-1.32
-212.0,-2.12
62.0,0.62
-114.0,-1.14
-48.0,-0.48
-12.0,-0.12
-90.0,-0.9
-184.0,-1.84
-116.0,-1.16
42.0,0.42
-252.0,-2.52
102.0,1.02
58.0,0.58
48.0,0.48
120.0,1.2
6.0,0.06
-92.0,-0.92
-120.0,-1.2
-84.0,-0.84
-128.0,-1.28
10.0,0.1
56.0,0.56
-78.0,-0.78
-44.0,-0.44
18.0,0.18
-22.0,-0.22
106.0,1.06
90.0,0.9
-54.0,-0.54
144.0,1.44
0.0,0.0
122.0,1.22
14.0,0.14
94.0,0.94
102.0,1.02
-42.0,-0.42
-18.0,-0.18
48.0,0.48
46.0,0.46
-26.0,-0.26
-88.0,-0.88
-100.0,-1.0
110.0,1.1
-12.0,-0.12
-38.0,-0.38
18.0,0.18
52.0,0.52
82.0,0.82
-244.0,-2.44
116.0,1.16
90.0,0.9
144.0,1.44
-8.0,-0.08
-58.0,-0.58
-78.0,-0.78
32.0,0.32
-42.0,-0.42
-106.0,-1.06
-6.0,-0.06
6.0,0.06
-238.0,-2.38
-18.0,-0.18
-16.0,-0.16
50.0,0.5
50.0,0.5
0.0,0.0
-128.0,-1.28
-4.0,-0.04
-68.0,-0.68
-100.0,-1.0
-110.0,-1.1
62.0,0.62
2.0,0.02
74.0,0.74
-142.0,-1.42
-106.0,-1.06
-52.0,-0.52
-4.0,-0.04
62.0,0.62
114.0,1.14
-36.0,-0.36
-30.0,-0.3
-16.0,-0.16
122.0,1.22
-36.0,-0.36
6.0,0.06
-118.0,-1.18
-46.0,-0.46
-26.0,-0.26
28.0,0.28
14.0,0.14
78.0,0.78
8.0,0.08
-8.0,-0.08
28.0,0.28
64.0,0.64
-14.0,-0.14
-8.0,-0.08
-122.0,-1.22
-114.0,-1.14
82.0,0.82
44.0,0.44
-18.0,-0.18
6.0,0.06
54.0,0.54
-88.0,-0.88
-144.0,-1.44
56.0,0.56
-108.0,-1.08
98.0,0.98
44.0,0.44
76.0,0.76
-6.0,-0.06
-32.0,-0.32
-46.0,-0.46
232.0,2.32
70.0,0.7
-64.0,-0.64
150.0,1.5
-36.0,-0.36
-104.0,-1.04
16.0,0.16
-66.0,-0.66
-28.0,-0.28
22.0,0.22
-88.0,-0.88
-14.0,-0.14
158.0,1.58
-12.0,-0.12
-118.0,-1.18
-204.0,-2.04
16.0,0.16
-70.0,-0.7
-42.0,-0.42
-202.0,-2.02
70.0,0.7
-14.0,-0.14
-38.0,-0.38
112.0,1.12
126.0,1.26
-12.0,-0.12
18.0,0.18
38.0,0.38
154.0,1.54
-64.0,-0.64
12.0,0.12
-48.0,-0.48
52.0,0.52
52.0,0.52
-102.0,-1.02
88.0,0.88
-38.0,-0.38
-58.0,-0.58
-24.0,-0.24
36.0,0.36
-128.0,-1.28
82.0,0.82
4.0,0.04
8.0,0.08
134.0,1.34
-40.0,-0.4
-32.0,-0.32
64.0,0.64
112.0,1.12
-66.0,-0.66
-58.0,-0.58
16.0,0.16
-134.0,-1.34
186.0,1.86
2.0,0.02
58.0,0.58
86.0,0.86
-12.0,-0.12
-34.0,-0.34
186.0,1.86
-76.0,-0.76
70.0,0.7
-42.0,-0.42
-202.0,-2.02
132.0,1.32
-4.0,-0.04
80.0,0.8
-58.0,-0.58
74.0,0.74
-44.0,-0.44
32.0,0.32
-174.0,-1.74
152.0,1.52
162.0,1.62
136.0,1.36
-74.0,-0.74
-52.0,-0.52
10.0,0.1
2.0,0.02
-184.0,-1.84
52.0,0.52
-22.0,-0.22
16.0,0.16
-6.0,-0.06
-150.0,-1.5
42.0,0.42
-126.0,-1.26
-48.0,-0.48
82.0,0.82
-134.0,-1.34
-184.0,-1.84
-290.0,-2.9
-4.0,-0.04
80.0,0.8
-78.0,-0.78
-162.0,-1.62
-68.0,-0.68
74.0,0.74
122.0,1.22
98.0,0.98
60.0,0.6
196.0,1.96
-28.0,-0.28
-158.0,-1.58
40.0,0.4
48.0,0.48
-58.0,-0.58
-14.0,-0.14
-40.0,-0.4
-8.0,-0.08
-94.0,-0.94
130.0,1.3
-280.0,-2.8
-284.0,-2.84
62.0,0.62
20.0,0.2
254.0,2.54
-88.0,-0.88
120.0,1.2
144.0,1.44
-20.0,-0.2
-16.0,-0.16
-122.0,-1.22
94.0,0.94
-20.0,-0.2
-72.0,-0.72
104.0,1.04
18.0,0.18
8.0,0.08
-90.0,-0.9
42.0,0.42
-64.0,-0.64
82.0,0.82
-114.0,-1.14
-76.0,-0.76
80.0,0.8
86.0,0.86
218.0,2.18
114.0,1.14
-136.0,-1.36
-74.0,-0.74
40.0,0.4
108.0,1.08
42.0,0.42
72.0,0.72
214.0,2.14
-86.0,-0.86
-78.0,-0.78
10.0,0.1
-68.0,-0.68
38.0,0.38
8.0,0.08
14.0,0.14
34.0,0.34
-24.0,-0.24
-100.0,-1.0
-42.0,-0.42
-100.0,-1.0
-32.0,-0.32
144.0,1.44
58.0,0.58
-90.0,-0.9
-24.0,-0.24
-34.0,-0.34
126.0,1.26
-50.0,-0.5
32.0,0.32
-232.0,-2.32
-42.0,-0.42
-14.0,-0.14
-12.0,-0.12
148.0,1.48
-94.0,-0.94
-68.0,-0.68
74.0,0.74
220.0,2.2
-44.0,-0.44
14.0,0.14
40.0,0.4
-6.0,-0.06
-36.0,-0.36
-94.0,-0.94
0.0,0.0
-96.0,-0.96
50.0,0.5
-46.0,-0.46
120.0,1.2
-14.0,-0.14
-20.0,-0.2
42.0,0.42
64.0,0.64
94.0,0.94
-78.0,-0.78
-4.0,-0.04
-36.0,-0.36
-42.0,-0.42
54.0,0.54
-46.0,-0.46
36.0,0.36
88.0,0.88
10.0,0.1
52.0,0.52
-36.0,-0.36
-58.0,-0.58
16.0,0.16
-98.0,-0.98
-286.0,-2.86
62.0,0.62
22.0,0.22
-40.0,-0.4
74.0,0.74
138.0,1.38
-180.0,-1.8
118.0,1.18
130.0,1.3
-14.0,-0.14
-90.0,-0.9
72.0,0.72
-232.0,-2.32
0.0,0.0
136.0,1.36
62.0,0.62
112.0,1.12
-126.0,-1.26
-74.0,-0.74
-30.0,-0.3
18.0,0.18
-90.0,-0.9
216.0,2.16
48.0,0.48
-108.0,-1.08
-96.0,-0.96
-134.0,-1.34
152.0,1.52
-44.0,-0.44
-6.0,-0.06
-98.0,-0.98
-22.0,-0.22
-96.0,-0.96
-42.0,-0.42
-80.0,-0.8
-26.0,-0.26
16.0,0.16
-116.0,-1.16
-12.0,-0.12
-36.0,-0.36
-52.0,-0.52
50.0,0.5
-156.0,-1.56
-104.0,-1.04
-98.0,-0.98
16.0,0.16
8.0,0.08
34.0,0.34
42.0,0.42
172.0,1.72
144.0,1.44
-168.0,-1.68
-46.0,-0.46
22.0,0.22
136.0,1.36
-72.0,-0.72
-152.0,-1.52
-82.0,-0.82
-150.0,-1.5
-10.0,-0.1
74.0,0.74
190.0,1.9
-40.0,-0.4
160.0,1.6
90.0,0.9
210.0,2.1
114.0,1.14
108.0,1.08
70.0,0.7
14.0,0.14
152.0,1.52
-2.0,-0.02
-66.0,-0.66
-204.0,-2.04
100.0,1.0
-42.0,-0.42
-116.0,-1.16
-196.0,-1.96
128.0,1.28
14.0,0.14
-150.0,-1.5
-324.0,-3.24
-94.0,-0.94
-154.0,-1.54
14.0,0.14
30.0,0.3
-50.0,-0.5
14.0,0.14
186.0,1.86
24.0,0.24
-98.0,-0.98
94.0,0.94
42.0,0.42
-274.0,-2.74
202.0,2.02
-40.0,-0.4
-18.0,-0.18
68.0,0.68
120.0,1.2
72.0,0.72
-108.0,-1.08
-76.0,-0.76
-14.0,-0.14
56.0,0.56
146.0,1.46
200.0,2.0
12.0,0.12
-94.0,-0.94
184.0,1.84
-22.0,-0.22
58.0,0.58
-94.0,-0.94
-56.0,-0.56
-110.0,-1.1
-34.0,-0.34
300.0,3.0
-152.0,-1.52
-18.0,-0.18
-106.0,-1.06
-72.0,-0.72
-116.0,-1.16
18.0,0.18
24.0,0.24
24.0,0.24
108.0,1.08
92.0,0.92
-48.0,-0.48
108.0,1.08
12.0,0.12
-68.0,-0.68
-26.0,-0.26
-12.0,-0.12
-20.0,-0.2
-40.0,-0.4
40.0,0.4
22.0,0.22
-34.0,-0.34
-188.0,-1.88
-8.0,-0.08
-50.0,-0.5
-6.0,-0.06
176.0,1.76
62.0,0.62
-234.0,-2.34
-144.0,-1.44
32.0,0.32
32.0,0.32
-238.0,-2.38
48.0,0.48
122.0,1.22
-148.0,-1.48
-132.0,-1.32
-216.0,-2.16
-14.0,-0.14
-56.0,-0.56
114.0,1.14
4.0,0.04
-110.0,-1.1
28.0,0.28
104.0,1.04
68.0,0.68
106.0,1.06
-74.0,-0.74
118.0,1.18
-156.0,-1.56
44.0,0.44
14.0,0.14
128.0,1.28
26.0,0.26
80.0,0.8
-26.0,-0.26
-8.0,-0.08
-202.0,-2.02
-104.0,-1.04
-46.0,-0.46
-36.0,-0.36
-150.0,-1.5
-12.0,-0.12
90.0,0.9
124.0,1.24
-26.0,-0.26
-20.0,-0.2
98.0,0.98
-122.0,-1.22
-98.0,-0.98
58.0,0.58
-212.0,-2.12
100.0,1.0
10.0,0.1
158.0,1.58
-150.0,-1.5
-70.0,-0.7
-72.0,-0.72
-166.0,-1.66
-8.0,-0.08
16.0,0.16
12.0,0.12
40.0,0.4
-36.0,-0.36
-178.0,-1.78
-218.0,-2.18
-84.0,-0.84
-78.0,-0.78
18.0,0.18
48.0,0.48
42.0,0.42
66.0,0.66
104.0,1.04
-120.0,-1.2
2.0,0.02
-54.0,-0.54
-34.0,-0.34
-96.0,-0.96
-14.0,-0.14
42.0,0.42
118.0,1.18
14.0,0.14
-76.0,-0.76
-48.0,-0.48
-44.0,-0.44
56.0,0.56
-102.0,-1.02
-142.0,-1.42
40.0,0.4
-26.0,-0.26
-44.0,-0.44
28.0,0.28
-50.0,-0.5
110.0,1.1
-38.0,-0.38
234.0,2.34
26.0,0.26
26.0,0.26
16.0,0.16
142.0,1.42
-46.0,-0.46
-146.0,-1.46
70.0,0.7
-148.0,-1.48
-12.0,-0.12
-50.0,-0.5
-136.0,-1.36
8.0,0.08
-32.0,-0.32
30.0,0.3
28.0,0.28
70.0,0.7
210.0,2.1
-88.0,-0.88
-124.0,-1.24
-38.0,-0.38
-102.0,-1.02
98.0,0.98
-94.0,-0.94
-142.0,-1.42
-250.0,-2.5
-22.0,-0.22
38.0,0.38
-46.0,-0.46
-86.0,-0.86
144.0,1.44
-26.0,-0.26
62.0,0.62
110.0,1.1
78.0,0.78
24.0,0.24
-60.0,-0.6
-32.0,-0.32
6.0,0.06
-104.0,-1.04
34.0,0.34
8.0,0.08
104.0,1.04
94.0,0.94
88.0,0.88
-126.0,-1.26
178.0,1.78
-2.0,-0.02
32.0,0.32
-158.0,-1.58
-16.0,-0.16
-60.0,-0.6
-86.0,-0.86
-156.0,-1.56
-98.0,-0.98
80.0,0.8
-110.0,-1.1
56.0,0.56
22.0,0.22
-82.0,-0.82
62.0,0.62
62.0,0.62
-56.0,-0.56
40.0,0.4
-24.0,-0.24
-6.0,-0.06
-18.0,-0.18
78.0,0.78
-8.0,-0.08
14.0,0.14
12.0,0.12
42.0,0.42
60.0,0.6
-76.0,-0.76
214.0,2.14
-4.0,-0.04
-26.0,-0.26
-140.0,-1.4
92.0,0.92
-126.0,-1.26
-112.0,-1.12
-24.0,-0.24
112.0,1.12
-4.0,-0.04
22.0,0.22
60.0,0.6
-50.0,-0.5
-60.0,-0.6
-22.0,-0.22
-86.0,-0.86
-18.0,-0.18
-70.0,-0.7
2.0,0.02
38.0,0.38
104.0,1.04
222.0,2.22
-98.0,-0.98
-6.0,-0.06
144.0,1.44
-224.0,-2.24
-52.0,-0.52
6.0,0.06
-52.0,-0.52
-18.0,-0.18
-82.0,-0.82
-10.0,-0.1
52.0,0.52
0.0,0.0
-74.0,-0.74
68.0,0.68
-30.0,-0.3
-34.0,-0.34
20.0,0.2
-180.0,-1.8
16.0,0.16
116.0,1.16
-56.0,-0.56
24.0,0.24
78.0,0.78
30.0,0.3
-24.0,-0.24
-200.0,-2.0
-2.0,-0.02
214.0,2.14
-150.0,-1.5
22.0,0.22
-90.0,-0.9
16.0,0.16
218.0,2.18
-100.0,-1.0
146.0,1.46
-16.0,-0.16
180.0,1.8
44.0,0.44
-102.0,-1.02
174.0,1.74
-70.0,-0.7
18.0,0.18
-28.0,-0.28
64.0,0.64
-26.0,-0.26
-60.0,-0.6
74.0,0.74
-46.0,-0.46
44.0,0.44
30.0,0.3
122.0,1.22
94.0,0.94
94.0,0.94
174.0,1.74
-52.0,-0.52
-96.0,-0.96
144.0,1.44
-80.0,-0.8
76.0,0.76
-142.0,-1.42
20.0,0.2
104.0,1.04
6.0,0.06
94.0,0.94
-60.0,-0.6
198.0,1.98
-248.0,-2.48
152.0,1.52
-40.0,-0.4
-134.0,-1.34
-48.0,-0.48
-192.0,-1.92
58.0,0.58
-32.0,-0.32
38.0,0.38
54.0,0.54
-62.0,-0.62
174.0,1.74
88.0,0.88
-30.0,-0.3
52.0,0.52
-8.0,-0.08
-130.0,-1.3
-186.0,-1.86
-80.0,-0.8
-102.0,-1.02
-92.0,-0.92
84.0,0.84
50.0,0.5
66.0,0.66
162.0,1.62
-40.0,-0.4
-28.0,-0.28
-130.0,-1.3
-24.0,-0.24
148.0,1.48
70.0,0.7
52.0,0.52
-222.0,-2.22
142.0,1.42
-44.0,-0.44
126.0,1.26
28.0,0.28
-24.0,-0.24
-48.0,-0.48
148.0,1.48
-24.0,-0.24
172.0,1.72
-50.0,-0.5
-6.0,-0.06
52.0,0.52
-196.0,-1.96
260.0,2.6
0.0,0.0
-28.0,-0.28
8.0,0.08
50.0,0.5
92.0,0.92
-56.0,-0.56
0.0,0.0
-224.0,-2.24
-72.0,-0.72
34.0,0.34
98.0,0.98
18.0,0.18
-22.0,-0.22
28.0,0.28
144.0,1.44
-38.0,-0.38
-98.0,-0.98
44.0,0.44
132.0,1.32
-8.0,-0.08
48.0,0.48
-20.0,-0.2
174.0,1.74
120.0,1.2
50.0,0.5
62.0,0.62
0.0,0.0
32.0,0.32
-20.0,-0.2
-30.0,-0.3
64.0,0.64
110.0,1.1
-6.0,-0.06
-8.0,-0.08
74.0,0.74
-100.0,-1.0
-126.0,-1.26
-144.0,-1.44
-66.0,-0.66
-4.0,-0.04
84.0,0.84
64.0,0.64
-104.0,-1.04
-32.0,-0.32
-28.0,-0.28
32.0,0.32
-32.0,-0.32
-112.0,-1.12
204.0,2.04
22.0,0.22
-20.0,-0.2
38.0,0.38
-180.0,-1.8
82.0,0.82
-50.0,-0.5
118.0,1.18
6.0,0.06
150.0,1.5
84.0,0.84
162.0,1.62
72.0,0.72
0.0,0.0
96.0,0.96
-96.0,-0.96
-220.0,-2.2
28.0,0.28
-156.0,-1.56
52.0,0.52
14.0,0.14
96.0,0.96
0.0,0.0
-262.0,-2.62
-34.0,-0.34
102.0,1.02
-180.0,-1.8
100.0,1.0
54.0,0.54
136.0,1.36
102.0,1.02
70.0,0.7
-112.0,-1.12
-102.0,-1.02
-22.0,-0.22
-150.0,-1.5
-76.0,-0.76
294.0,2.94
-64.0,-0.64
224.0,2.24
182.0,1.82
-26.0,-0.26
-2.0,-0.02
-48.0,-0.48
-186.0,-1.86
12.0,0.12
20.0,0.2
-62.0,-0.62
-28.0,-0.28
-82.0,-0.82
20.0,0.2
-160.0,-1.6
174.0,1.74
-34.0,-0.34
-2.0,-0.02
130.0,1.3
82.0,0.82
-20.0,-0.2
18.0,0.18
6.0,0.06
-88.0,-0.88
114.0,1.14
-96.0,-0.96
2.0,0.02
78.0,0.78
-146.0,-1.46
-66.0,-0.66
158.0,1.58
72.0,0.72
-58.0,-0.58
14.0,0.14
-12.0,-0.12
-66.0,-0.66
58.0,0.58
68.0,0.68
-66.0,-0.66
-38.0,-0.38
-138.0,-1.38
-162.0,-1.62
74.0,0.74
-38.0,-0.38
-8.0,-0.08
-18.0,-0.18
-66.0,-0.66
-24.0,-0.24
8.0,0.08
72.0,0.72
-10.0,-0.1
-52.0,-0.52
-114.0,-1.14
102.0,1.02
-128.0,-1.28
-124.0,-1.24
-24.0,-0.24
-124.0,-1.24
36.0,0.36
-92.0,-0.92
20.0,0.2
-142.0,-1.42
182.0,1.82
-92.0,-0.92
114.0,1.14
82.0,0.82
-204.0,-2.04
-184.0,-1.84
-98.0,-0.98
-52.0,-0.52
12.0,0.12
-126.0,-1.26
40.0,0.4
18.0,0.18
-6.0,-0.06
-168.0,-1.68
22.0,0.22
-108.0,-1.08
-30.0,-0.3
-48.0,-0.48
-128.0,-1.28
-44.0,-0.44
38.0,0.38
-88.0,-0.88
-14.0,-0.14
228.0,2.28
-92.0,-0.92
-86.0,-0.86
42.0,0.42
128.0,1.28
-8.0,-0.08
-60.0,-0.6
52.0,0.52
-132.0,-1.32
-100.0,-1.0
-114.0,-1.14
-56.0,-0.56
-182.0,-1.82
36.0,0.36
-84.0,-0.84
20.0,0.2
-90.0,-0.9
-180.0,-1.8
-42.0,-0.42
-10.0,-0.1
-104.0,-1.04
-112.0,-1.12
74.0,0.74
-44.0,-0.44
50.0,0.5
-156.0,-1.56
-80.0,-0.8
-2.0,-0.02
110.0,1.1
2.0,0.02
142.0,1.42
46.0,0.46
120.0,1.2
-136.0,-1.36
128.0,1.28
-174.0,-1.74
88.0,0.88
-40.0,-0.4
-64.0,-0.64
-6.0,-0.06
170.0,1.7
-124.0,-1.24
-68.0,-0.68
130.0,1.3
4.0,0.04
114.0,1.14
-78.0,-0.78
-18.0,-0.18
-108.0,-1.08
72.0,0.72
-84.0,-0.84
-150.0,-1.5
278.0,2.78
20.0,0.2
-78.0,-0.78
10.0,0.1
-162.0,-1.62
236.0,2.36
4.0,0.04
-58.0,-0.58
-48.0,-0.48
42.0,0.42
-84.0,-0.84
-74.0,-0.74
94.0,0.94
-36.0,-0.36
-38.0,-0.38
-52.0,-0.52
-188.0,-1.88
-112.0,-1.12
4.0,0.04
100.0,1.0
-50.0,-0.5
168.0,1.68
-168.0,-1.68
-38.0,-0.38
144.0,1.44
-72.0,-0.72
-82.0,-0.82
-86.0,-0.86
118.0,1.18
176.0,1.76
-80.0,-0.8
-84.0,-0.84
-34.0,-0.34
116.0,1.16
102.0,1.02
-54.0,-0.54
-52.0,-0.52
24.0,0.24
-92.0,-0.92
-72.0,-0.72
112.0,1.12
-68.0,-0.68
-82.0,-0.82
-68.0,-0.68
78.0,0.78
-52.0,-0.52
-182.0,-1.82
-208.0,-2.08
60.0,0.6
-120.0,-1.2
0.0,0.0
56.0,0.56
-114.0,-1.14
-62.0,-0.62
-132.0,-1.32
-128.0,-1.28
96.0,0.96
16.0,0.16
-96.0,-0.96
-72.0,-0.72
154.0,1.54
178.0,1.78
-132.0,-1.32
62.0,0.62
-38.0,-0.38
-192.0,-1.92
46.0,0.46
-50.0,-0.5
142.0,1.42
272.0,2.72
98.0,0.98
-16.0,-0.16
-34.0,-0.34
26.0,0.26
-60.0,-0.6
-122.0,-1.22
-182.0,-1.82
-206.0,-2.06
128.0,1.28
-158.0,-1.58
84.0,0.84
-62.0,-0.62
52.0,0.52
-50.0,-0.5
78.0,0.78
-48.0,-0.48
0.0,0.0
160.0,1.6
86.0,0.86
128.0,1.28
-64.0,-0.64
-42.0,-0.42
-132.0,-1.32
-62.0,-0.62
54.0,0.54
54.0,0.54
8.0,0.08
-118.0,-1.18
-72.0,-0.72
62.0,0.62
60.0,0.6
70.0,0.7
26.0,0.26
-96.0,-0.96
-62.0,-0.62
-32.0,-0.32
54.0,0.54
152.0,1.52
18.0,0.18
-60.0,-0.6
92.0,0.92
22.0,0.22
296.0,2.96
56.0,0.56
-146.0,-1.46
42.0,0.42
-180.0,-1.8
-90.0,-0.9
66.0,0.66
84.0,0.84
-6.0,-0.06
100.0,1.0
-62.0,-0.62
22.0,0.22
-180.0,-1.8
28.0,0.28
78.0,0.78
-150.0,-1.5
-56.0,-0.56
26.0,0.26
-138.0,-1.38
-14.0,-0.14
-100.0,-1.0
-150.0,-1.5
50.0,0.5
-66.0,-0.66
64.0,0.64
-140.0,-1.4
30.0,0.3
-118.0,-1.18
-44.0,-0.44
40.0,0.4
20.0,0.2
216.0,2.16
4.0,0.04
96.0,0.96
-126.0,-1.26
-74.0,-0.74
106.0,1.06
188.0,1.88
-96.0,-0.96
-80.0,-0.8
20.0,0.2
-28.0,-0.28
36.0,0.36
12.0,0.12
-82.0,-0.82
-90.0,-0.9
46.0,0.46
-50.0,-0.5
188.0,1.88
52.0,0.52
160.0,1.6
-174.0,-1.74
230.0,2.3
-140.0,-1.4
38.0,0.38
38.0,0.38
-34.0,-0.34
8.0,0.08
-28.0,-0.28
62.0,0.62
28.0,0.28
20.0,0.2
74.0,0.74
182.0,1.82
110.0,1.1
12.0,0.12
-264.0,-2.64
146.0,1.46
-26.0,-0.26
20.0,0.2
-128.0,-1.28
-98.0,-0.98
-158.0,-1.58
-254.0,-2.54
-208.0,-2.08
-32.0,-0.32
-104.0,-1.04
50.0,0.5
-88.0,-0.88
90.0,0.9
130.0,1.3
-164.0,-1.64
-94.0,-0.94
-68.0,-0.68
-130.0,-1.3
2.0,0.02
8.0,0.08
6.0,0.06
32.0,0.32
94.0,0.94
-8.0,-0.08
-84.0,-0.84
-186.0,-1.86
-10.0,-0.1
-20.0,-0.2
-12.0,-0.12
32.0,0.32
98.0,0.98
-2.0,-0.02
98.0,0.98
10.0,0.1
42.0,0.42
96.0,0.96
66.0,0.66
-30.0,-0.3
80.0,0.8
54.0,0.54
66.0,0.66
-78.0,-0.78
110.0,1.1
-108.0,-1.08
-146.0,-1.46
120.0,1.2
18.0,0.18
-56.0,-0.56
4.0,0.04
-18.0,-0.18
-90.0,-0.9
-222.0,-2.22
-42.0,-0.42
74.0,0.74
18.0,0.18
-132.0,-1.32
-28.0,-0.28
92.0,0.92
-94.0,-0.94
42.0,0.42
36.0,0.36
-6.0,-0.06
-12.0,-0.12
0.0,0.0
214.0,2.14
10.0,0.1
90.0,0.9
-6.0,-0.06
20.0,0.2
152.0,1.52
62.0,0.62
120.0,1.2
124.0,1.24
-44.0,-0.44
-54.0,-0.54
-34.0,-0.34
-16.0,-0.16
-48.0,-0.48
-28.0,-0.28
226.0,2.26
112.0,1.12
-106.0,-1.06
216.0,2.16
26.0,0.26
-28.0,-0.28
-46.0,-0.46
-60.0,-0.6
18.0,0.18
112.0,1.12
-36.0,-0.36
-76.0,-0.76
-58.0,-0.58
92.0,0.92
-116.0,-1.16
22.0,0.22
-148.0,-1.48
46.0,0.46
32.0,0.32
-70.0,-0.7
110.0,1.1
150.0,1.5
62.0,0.62
-16.0,-0.16
40.0,0.4
-138.0,-1.38
30.0,0.3
94.0,0.94
34.0,0.34
72.0,0.72
122.0,1.22
-78.0,-0.78
4.0,0.04
34.0,0.34
78.0,0.78
80.0,0.8
48.0,0.48
30.0,0.3
170.0,1.7
100.0,1.0
38.0,0.38
-86.0,-0.86
50.0,0.5
-32.0,-0.32
-66.0,-0.66
-52.0,-0.52
18.0,0.18
38.0,0.38
-114.0,-1.14
-132.0,-1.32
78.0,0.78
-54.0,-0.54
42.0,0.42
-76.0,-0.76
-72.0,-0.72
-18.0,-0.18
78.0,0.78
94.0,0.94
-38.0,-0.38
-32.0,-0.32
-78.0,-0.78
106.0,1.06
-94.0,-0.94
-92.0,-0.92
100.0,1.0
-138.0,-1.38
-130.0,-1.3
-42.0,-0.42
24.0,0.24
114.0,1.14
-26.0,-0.26
52.0,0.52
-50.0,-0.5
76.0,0.76
-16.0,-0.16
-156.0,-1.56
64.0,0.64
-234.0,-2.34
-74.0,-0.74
238.0,2.38
-106.0,-1.06
-64.0,-0.64
206.0,2.06
-12.0,-0.12
16.0,0.16
-138.0,-1.38
-128.0,-1.28
46.0,0.46
-216.0,-2.16
24.0,0.24
188.0,1.88
-182.0,-1.82
-64.0,-0.64
-70.0,-0.7
-62.0,-0.62
136.0,1.36
-2.0,-0.02
-58.0,-0.58
-108.0,-1.08
144.0,1.44
12.0,0.12
-22.0,-0.22
-48.0,-0.48
122.0,1.22
-98.0,-0.98
10.0,0.1
38.0,0.38
62.0,0.62
48.0,0.48
-34.0,-0.34
-116.0,-1.16
20.0,0.2
-178.0,-1.78
-8.0,-0.08
-104.0,-1.04
36.0,0.36
-64.0,-0.64
8.0,0.08
62.0,0.62
-34.0,-0.34
242.0,2.42
-22.0,-0.22
82.0,0.82
-80.0,-0.8
46.0,0.46
-112.0,-1.12
6.0,0.06
48.0,0.48
122.0,1.22
-40.0,-0.4
54.0,0.54
-8.0,-0.08
-66.0,-0.66
-18.0,-0.18
-92.0,-0.92
-38.0,-0.38
30.0,0.3
-110.0,-1.1
42.0,0.42
-38.0,-0.38
-46.0,-0.46
38.0,0.38
28.0,0.28
86.0,0.86
-48.0,-0.48
24.0,0.24
104.0,1.04
-2.0,-0.02
62.0,0.62
104.0,1.04
-12.0,-0.12
72.0,0.72
96.0,0.96
-204.0,-2.04
26.0,0.26
-172.0,-1.72
-28.0,-0.28
44.0,0.44
-190.0,-1.9
-16.0,-0.16
116.0,1.16
-64.0,-0.64
-126.0,-1.26
-62.0,-0.62
-8.0,-0.08
-94.0,-0.94
48.0,0.48
-96.0,-0.96
30.0,0.3
24.0,0.24
-54.0,-0.54
62.0,0.62
-42.0,-0.42
-22.0,-0.22
-72.0,-0.72
54.0,0.54
-2.0,-0.02
-290.0,-2.9
-260.0,-2.6
-138.0,-1.38
-84.0,-0.84
-40.0,-0.4
-258.0,-2.58
-20.0,-0.2
22.0,0.22
234.0,2.34
12.0,0.12
-46.0,-0.46
2.0,0.02
86.0,0.86
216.0,2.16
88.0,0.88
102.0,1.02
-50.0,-0.5
40.0,0.4
120.0,1.2
220.0,2.2
-8.0,-0.08
-80.0,-0.8
94.0,0.94
38.0,0.38
6.0,0.06
120.0,1.2
36.0,0.36
-10.0,-0.1
70.0,0.7
68.0,0.68
54.0,0.54
-24.0,-0.24
164.0,1.64
80.0,0.8
36.0,0.36
-74.0,-0.74
168.0,1.68
-78.0,-0.78
218.0,2.18
192.0,1.92
-58.0,-0.58
70.0,0.7
48.0,0.48
8.0,0.08
2.0,0.02
50.0,0.5
-56.0,-0.56
164.0,1.64
234.0,2.34
-34.0,-0.34
-20.0,-0.2
86.0,0.86
-16.0,-0.16
-10.0,-0.1
-314.0,-3.14
14.0,0.14
-66.0,-0.66
-82.0,-0.82
-136.0,-1.36
46.0,0.46
104.0,1.04
-22.0,-0.22
40.0,0.4
-104.0,-1.04
158.0,1.58
12.0,0.12
-62.0,-0.62
120.0,1.2
58.0,0.58
-86.0,-0.86
4.0,0.04
48.0,0.48
74.0,0.74
70.0,0.7
-34.0,-0.34
132.0,1.32
-42.0,-0.42
100.0,1.0
130.0,1.3
138.0,1.38
98.0,0.98
8.0,0.08
-52.0,-0.52
-28.0,-0.28
-120.0,-1.2
-48.0,-0.48
-6.0,-0.06
0.0,0.0
96.0,0.96
-30.0,-0.3
84.0,0.84
172.0,1.72
82.0,0.82
64.0,0.64
28.0,0.28
-4.0,-0.04
22.0,0.22
-58.0,-0.58
-92.0,-0.92
2.0,0.02
128.0,1.28
-24.0,-0.24
258.0,2.58
-174.0,-1.74
0.0,0.0
30.0,0.3
-110.0,-1.1
10.0,0.1
66.0,0.66
-68.0,-0.68
288.0,2.88
142.0,1.42
42.0,0.42
-32.0,-0.32
86.0,0.86
-24.0,-0.24
10.0,0.1
146.0,1.46
80.0,0.8
6.0,0.06
-42.0,-0.42
-110.0,-1.1
0.0,0.0
-58.0,-0.58
102.0,1.02
166.0,1.66
20.0,0.2
-112.0,-1.12
-62.0,-0.62
22.0,0.22
-18.0,-0.18
-70.0,-0.7
140.0,1.4
-64.0,-0.64
-172.0,-1.72
-130.0,-1.3
2.0,0.02
-66.0,-0.66
-42.0,-0.42
-98.0,-0.98
74.0,0.74
154.0,1.54
230.0,2.3
42.0,0.42
68.0,0.68
126.0,1.26
68.0,0.68
-32.0,-0.32
-128.0,-1.28
-54.0,-0.54
-96.0,-0.96
136.0,1.36
124.0,1.24
190.0,1.9
26.0,0.26
100.0,1.0
-110.0,-1.1
38.0,0.38
-94.0,-0.94
46.0,0.46
44.0,0.44
-24.0,-0.24
-66.0,-0.66
216.0,2.16
-126.0,-1.26
254.0,2.54
22.0,0.22
78.0,0.78
-98.0,-0.98
16.0,0.16
-236.0,-2.36
6.0,0.06
-86.0,-0.86
14.0,0.14
38.0,0.38
-102.0,-1.02
-74.0,-0.74
80.0,0.8
-70.0,-0.7
102.0,1.02
-78.0,-0.78
-44.0,-0.44
-46.0,-0.46
-138.0,-1.38
2.0,0.02
-60.0,-0.6
-116.0,-1.16
-48.0,-0.48
74.0,0.74
-4.0,-0.04
-8.0,-0.08
-4.0,-0.04
38.0,0.38
-138.0,-1.38
-210.0,-2.1
36.0,0.36
-18.0,-0.18
220.0,2.2
-32.0,-0.32
34.0,0.34
28.0,0.28
52.0,0.52
-104.0,-1.04
188.0,1.88
-168.0,-1.68
-92.0,-0.92
78.0,0.78
-170.0,-1.7
-10.0,-0.1
-132.0,-1.32
118.0,1.18
68.0,0.68
-90.0,-0.9
-26.0,-0.26
82.0,0.82
208.0,2.08
4.0,0.04
-62.0,-0.62
50.0,0.5
2.0,0.02
128.0,1.28
228.0,2.28
40.0,0.4
-104.0,-1.04
-166.0,-1.66
54.0,0.54
14.0,0.14
76.0,0.76
54.0,0.54
26.0,0.26
84.0,0.84
208.0,2.08
-130.0,-1.3
-130.0,-1.3
116.0,1.16
-44.0,-0.44
-120.0,-1.2
0.0,0.0
4.0,0.04
98.0,0.98
-54.0,-0.54
200.0,2.0
66.0,0.66
-52.0,-0.52
-44.0,-0.44
118.0,1.18
64.0,0.64
-78.0,-0.78
-74.0,-0.74
72.0,0.72
-40.0,-0.4
104.0,1.04
-66.0,-0.66
2.0,0.02
82.0,0.82
-80.0,-0.8
-94.0,-0.94
14.0,0.14
-106.0,-1.06
22.0,0.22
-34.0,-0.34
40.0,0.4
14.0,0.14
-236.0,-2.36
-20.0,-0.2
106.0,1.06
-18.0,-0.18
-40.0,-0.4
-222.0,-2.22
54.0,0.54
-50.0,-0.5
126.0,1.26
14.0,0.14
-70.0,-0.7
-6.0,-0.06
64.0,0.64
40.0,0.4
140.0,1.4
-32.0,-0.32
36.0,0.36
-54.0,-0.54
18.0,0.18
2.0,0.02
14.0,0.14
140.0,1.4
-128.0,-1.28
36.0,0.36
154.0,1.54
-72.0,-0.72
36.0,0.36
-16.0,-0.16
-10.0,-0.1
38.0,0.38
-160.0,-1.6
-140.0,-1.4
-14.0,-0.14
-88.0,-0.88
60.0,0.6
42.0,0.42
-54.0,-0.54
-34.0,-0.34
154.0,1.54
-46.0,-0.46
70.0,0.7
220.0,2.2
-102.0,-1.02
-26.0,-0.26
-18.0,-0.18
74.0,0.74
-12.0,-0.12
-288.0,-2.88
2.0,0.02
50.0,0.5
-22.0,-0.22
-40.0,-0.4
-4.0,-0.04
-90.0,-0.9
-4.0,-0.04
68.0,0.68
2.0,0.02
-66.0,-0.66
-44.0,-0.44
30.0,0.3
-8.0,-0.08
-8.0,-0.08
-16.0,-0.16
-26.0,-0.26
-204.0,-2.04
94.0,0.94
100.0,1.0
162.0,1.62
158.0,1.58
46.0,0.46
64.0,0.64
82.0,0.82
-72.0,-0.72
-78.0,-0.78
-112.0,-1.12
-34.0,-0.34
54.0,0.54
124.0,1.24
-30.0,-0.3
-28.0,-0.28
-122.0,-1.22
112.0,1.12
124.0,1.24
-2.0,-0.02
-18.0,-0.18
122.0,1.22
46.0,0.46
-70.0,-0.7
-256.0,-2.56
-124.0,-1.24
-60.0,-0.6
22.0,0.22
-76.0,-0.76
-182.0,-1.82
30.0,0.3
18.0,0.18
-120.0,-1.2
-50.0,-0.5
160.0,1.6
-74.0,-0.74
-34.0,-0.34
-90.0,-0.9
162.0,1.62
120.0,1.2
164.0,1.64
-98.0,-0.98
32.0,0.32
-190.0,-1.9
-12.0,-0.12
-40.0,-0.4
-160.0,-1.6
-168.0,-1.68
-106.0,-1.06
72.0,0.72
-110.0,-1.1
-30.0,-0.3
126.0,1.26
76.0,0.76
-104.0,-1.04
80.0,0.8
174.0,1.74
-34.0,-0.34
24.0,0.24
16.0,0.16
100.0,1.0
38.0,0.38
26.0,0.26
-172.0,-1.72
82.0,0.82
-76.0,-0.76
192.0,1.92
-116.0,-1.16
-150.0,-1.5
16.0,0.16
24.0,0.24
-156.0,-1.56
-32.0,-0.32
36.0,0.36
-122.0,-1.22
98.0,0.98
-34.0,-0.34
-10.0,-0.1
16.0,0.16
32.0,0.32
50.0,0.5
6.0,0.06
24.0,0.24
-6.0,-0.06
136.0,1.36
22.0,0.22
-150.0,-1.5
44.0,0.44
54.0,0.54
136.0,1.36
24.0,0.24
-76.0,-0.76
114.0,1.14
-124.0,-1.24
-12.0,-0.12
-110.0,-1.1
112.0,1.12
-48.0,-0.48
144.0,1.44
150.0,1.5
-8.0,-0.08
70.0,0.7
-48.0,-0.48
-134.0,-1.34
74.0,0.74
-58.0,-0.58
152.0,1.52
-26.0,-0.26
-74.0,-0.74
-22.0,-0.22
-84.0,-0.84
-14.0,-0.14
118.0,1.18
68.0,0.68
44.0,0.44
60.0,0.6
106.0,1.06
152.0,1.52
-78.0,-0.78
-50.0,-0.5
40.0,0.4
80.0,0.8
-2.0,-0.02
-60.0,-0.6
-24.0,-0.24
-10.0,-0.1
-12.0,-0.12
-56.0,-0.56
-44.0,-0.44
8.0,0.08
-98.0,-0.98
-92.0,-0.92
128.0,1.28
-66.0,-0.66
20.0,0.2
-236.0,-2.36
38.0,0.38
46.0,0.46
-34.0,-0.34
180.0,1.8
-60.0,-0.6
136.0,1.36
70.0,0.7
56.0,0.56
46.0,0.46
-64.0,-0.64
2.0,0.02
-6.0,-0.06
-82.0,-0.82
46.0,0.46
34.0,0.34
24.0,0.24
114.0,1.14
14.0,0.14
-126.0,-1.26
-42.0,-0.42
-154.0,-1.54
-102.0,-1.02
32.0,0.32
38.0,0.38
50.0,0.5
-38.0,-0.38
136.0,1.36
-142.0,-1.42
-44.0,-0.44
18.0,0.18
-116.0,-1.16
76.0,0.76
-76.0,-0.76
48.0,0.48
-12.0,-0.12
-92.0,-0.92
-86.0,-0.86
84.0,0.84
64.0,0.64
-124.0,-1.24
50.0,0.5
-92.0,-0.92
90.0,0.9
-54.0,-0.54
-126.0,-1.26
-28.0,-0.28
-82.0,-0.82
20.0,0.2
-24.0,-0.24
98.0,0.98
94.0,0.94
-148.0,-1.48
-70.0,-0.7
-102.0,-1.02
214.0,2.14
-68.0,-0.68
62.0,0.62
202.0,2.02
-34.0,-0.34
-100.0,-1.0
-62.0,-0.62
192.0,1.92
-72.0,-0.72
112.0,1.12
66.0,0.66
60.0,0.6
-2.0,-0.02
72.0,0.72
10.0,0.1
54.0,0.54
28.0,0.28
4.0,0.04
-8.0,-0.08
-64.0,-0.64
18.0,0.18
-46.0,-0.46
-36.0,-0.36
-52.0,-0.52
-116.0,-1.16
-216.0,-2.16
-108.0,-1.08
108.0,1.08
62.0,0.62
112.0,1.12
-46.0,-0.46
-78.0,-0.78
130.0,1.3
136.0,1.36
2.0,0.02
-22.0,-0.22
84.0,0.84
220.0,2.2
102.0,1.02
-84.0,-0.84
24.0,0.24
58.0,0.58
80.0,0.8
36.0,0.36
-38.0,-0.38
18.0,0.18
-26.0,-0.26
-8.0,-0.08
224.0,2.24
38.0,0.38
66.0,0.66
28.0,0.28
332.0,3.32
4.0,0.04
64.0,0.64
-2.0,-0.02
106.0,1.06
90.0,0.9
6.0,0.06
-66.0,-0.66
70.0,0.7
66.0,0.66
-180.0,-1.8
-50.0,-0.5
-20.0,-0.2
-48.0,-0.48
-234.0,-2.34
4.0,0.04
-24.0,-0.24
72.0,0.72
-52.0,-0.52
-74.0,-0.74
16.0,0.16
-94.0,-0.94
94.0,0.94
156.0,1.56
-130.0,-1.3
-114.0,-1.14
18.0,0.18
-112.0,-1.12
86.0,0.86
54.0,0.54
98.0,0.98
142.0,1.42
50.0,0.5
20.0,0.2
-222.0,-2.22
70.0,0.7
14.0,0.14
-154.0,-1.54
-102.0,-1.02
-8.0,-0.08
-102.0,-1.02
-90.0,-0.9
16.0,0.16
-98.0,-0.98
26.0,0.26
-64.0,-0.64
-26.0,-0.26
-66.0,-0.66
-114.0,-1.14
210.0,2.1
54.0,0.54
48.0,0.48
-8.0,-0.08
6.0,0.06
58.0,0.58
-82.0,-0.82
-212.0,-2.12
30.0,0.3
-4.0,-0.04
76.0,0.76
48.0,0.48
-42.0,-0.42
-2.0,-0.02
126.0,1.26
0.0,0.0
-50.0,-0.5
110.0,1.1
-56.0,-0.56
-28.0,-0.28
238.0,2.38
-132.0,-1.32
66.0,0.66
-14.0,-0.14
-54.0,-0.54
-164.0,-1.64
-186.0,-1.86
-122.0,-1.22
-144.0,-1.44
-46.0,-0.46
-54.0,-0.54
-8.0,-0.08
-40.0,-0.4
-90.0,-0.9
-14.0,-0.14
-140.0,-1.4
158.0,1.58
-26.0,-0.26
58.0,0.58
-100.0,-1.0
-34.0,-0.34
-124.0,-1.24
-108.0,-1.08
-34.0,-0.34
112.0,1.12
24.0,0.24
14.0,0.14
156.0,1.56
-102.0,-1.02
-144.0,-1.44
-116.0,-1.16
-34.0,-0.34
46.0,0.46
-26.0,-0.26
-94.0,-0.94
78.0,0.78
96.0,0.96
162.0,1.62
2.0,0.02
-96.0,-0.96
-32.0,-0.32
24.0,0.24
20.0,0.2
-34.0,-0.34
118.0,1.18
-254.0,-2.54
-126.0,-1.26
60.0,0.6
38.0,0.38
110.0,1.1
-202.0,-2.02
20.0,0.2
-78.0,-0.78
28.0,0.28
14.0,0.14
34.0,0.34
-262.0,-2.62
-62.0,-0.62
-6.0,-0.06
-44.0,-0.44
-50.0,-0.5
224.0,2.24
-62.0,-0.62
10.0,0.1
-50.0,-0.5
-34.0,-0.34
-154.0,-1.54
-98.0,-0.98
68.0,0.68
-86.0,-0.86
-26.0,-0.26
-12.0,-0.12
-180.0,-1.8
48.0,0.48
-90.0,-0.9
-82.0,-0.82
-26.0,-0.26
-22.0,-0.22
236.0,2.36
-70.0,-0.7
0.0,0.0
-34.0,-0.34
-112.0,-1.12
112.0,1.12
180.0,1.8
-18.0,-0.18
16.0,0.16
256.0,2.56
-58.0,-0.58
144.0,1.44
60.0,0.6
-68.0,-0.68
8.0,0.08
88.0,0.88
70.0,0.7
-214.0,-2.14
-168.0,-1.68
106.0,1.06
-76.0,-0.76
114.0,1.14
130.0,1.3
24.0,0.24
70.0,0.7
-64.0,-0.64
70.0,0.7
-26.0,-0.26
136.0,1.36
-128.0,-1.28
-86.0,-0.86
78.0,0.78
28.0,0.28
-148.0,-1.48
78.0,0.78
-74.0,-0.74
8.0,0.08
80.0,0.8
88.0,0.88
-76.0,-0.76
-24.0,-0.24
10.0,0.1
-116.0,-1.16
0.0,0.0
40.0,0.4
-98.0,-0.98
94.0,0.94
54.0,0.54
-34.0,-0.34
-40.0,-0.4
146.0,1.46
-140.0,-1.4
34.0,0.34
22.0,0.22
150.0,1.5
34.0,0.34
-136.0,-1.36
148.0,1.48
-102.0,-1.02
-162.0,-1.62
88.0,0.88
-176.0,-1.76
116.0,1.16
-4.0,-0.04
86.0,0.86
118.0,1.18
90.0,0.9
142.0,1.42
-16.0,-0.16
36.0,0.36
-52.0,-0.52
-36.0,-0.36
80.0,0.8
-64.0,-0.64
-70.0,-0.7
58.0,0.58
-12.0,-0.12
40.0,0.4
16.0,0.16
-44.0,-0.44
-32.0,-0.32
54.0,0.54
-38.0,-0.38
46.0,0.46
30.0,0.3
-176.0,-1.76
28.0,0.28
6.0,0.06
-46.0,-0.46
14.0,0.14
-70.0,-0.7
38.0,0.38
-54.0,-0.54
100.0,1.0
-238.0,-2.38
-20.0,-0.2
150.0,1.5
-30.0,-0.3
56.0,0.56
132.0,1.32
210.0,2.1
-138.0,-1.38
-188.0,-1.88
44.0,0.44
52.0,0.52
214.0,2.14
-148.0,-1.48
-84.0,-0.84
82.0,0.82
104.0,1.04
134.0,1.34
-110.0,-1.1
38.0,0.38
168.0,1.68
40.0,0.4
-24.0,-0.24
-152.0,-1.52
192.0,1.92
-30.0,-0.3
-132.0,-1.32
-50.0,-0.5
-68.0,-0.68
16.0,0.16
72.0,0.72
252.0,2.52
192.0,1.92
-20.0,-0.2
60.0,0.6
102.0,1.02
84.0,0.84
58.0,0.58
76.0,0.76
-168.0,-1.68
-64.0,-0.64
-80.0,-0.8
50.0,0.5
16.0,0.16
50.0,0.5
46.0,0.46
44.0,0.44
-130.0,-1.3
-168.0,-1.68
-108.0,-1.08
14.0,0.14
-34.0,-0.34
-196.0,-1.96
46.0,0.46
-44.0,-0.44
118.0,1.18
-64.0,-0.64
28.0,0.28
16.0,0.16
122.0,1.22
2.0,0.02
-62.0,-0.62
18.0,0.18
-238.0,-2.38
32.0,0.32
-8.0,-0.08
-72.0,-0.72
86.0,0.86
194.0,1.94
-4.0,-0.04
-68.0,-0.68
262.0,2.62
8.0,0.08
78.0,0.78
54.0,0.54
152.0,1.52
-24.0,-0.24
-152.0,-1.52
-44.0,-0.44
-100.0,-1.0
70.0,0.7
-144.0,-1.44
-44.0,-0.44
14.0,0.14
46.0,0.46
48.0,0.48
-104.0,-1.04
-40.0,-0.4
48.0,0.48
-6.0,-0.06
-216.0,-2.16
-126.0,-1.26
20.0,0.2
-106.0,-1.06
-50.0,-0.5
-2.0,-0.02
90.0,0.9
-38.0,-0.38
158.0,1.58
66.0,0.66
-70.0,-0.7
82.0,0.82
84.0,0.84
-76.0,-0.76
-54.0,-0.54
42.0,0.42
88.0,0.88
-58.0,-0.58
24.0,0.24
52.0,0.52
60.0,0.6
22.0,0.22
216.0,2.16
0.0,0.0
70.0,0.7
0.0,0.0
30.0,0.3
180.0,1.8
-16.0,-0.16
-90.0,-0.9
12.0,0.12
134.0,1.34
12.0,0.12
78.0,0.78
58.0,0.58
-90.0,-0.9
-84.0,-0.84
-10.0,-0.1
-46.0,-0.46
132.0,1.32
58.0,0.58
-162.0,-1.62
-184.0,-1.84
-38.0,-0.38
144.0,1.44
-124.0,-1.24
10.0,0.1
4.0,0.04
-54.0,-0.54
126.0,1.26
-148.0,-1.48
34.0,0.34
32.0,0.32
-86.0,-0.86
244.0,2.44
12.0,0.12
-138.0,-1.38
60.0,0.6
42.0,0.42
-150.0,-1.5
-74.0,-0.74
2.0,0.02
22.0,0.22
-92.0,-0.92
-120.0,-1.2
-54.0,-0.54
8.0,0.08
164.0,1.64
68.0,0.68
160.0,1.6
-26.0,-0.26
-274.0,-2.74
-90.0,-0.9
-100.0,-1.0
-74.0,-0.74
6.0,0.06
-32.0,-0.32
-10.0,-0.1
-96.0,-0.96
-318.0,-3.18
90.0,0.9
108.0,1.08
4.0,0.04
32.0,0.32
106.0,1.06
232.0,2.32
54.0,0.54
14.0,0.14
76.0,0.76
-122.0,-1.22
92.0,0.92
88.0,0.88
302.0,3.02
-44.0,-0.44
-62.0,-0.62
-62.0,-0.62
28.0,0.28
-76.0,-0.76
24.0,0.24
-18.0,-0.18
186.0,1.86
30.0,0.3
-106.0,-1.06
18.0,0.18
58.0,0.58
-72.0,-0.72
-140.0,-1.4
-100.0,-1.0
18.0,0.18
-54.0,-0.54
-38.0,-0.38
46.0,0.46
-4.0,-0.04
-48.0,-0.48
-162.0,-1.62
162.0,1.62
-154.0,-1.54
-56.0,-0.56
118.0,1.18
198.0,1.98
168.0,1.68
62.0,0.62
-12.0,-0.12
48.0,0.48
-148.0,-1.48
-16.0,-0.16
78.0,0.78
98.0,0.98
38.0,0.38
-50.0,-0.5
12.0,0.12
-38.0,-0.38
-78.0,-0.78
68.0,0.68
198.0,1.98
-220.0,-2.2
350.0,3.5
-230.0,-2.3
16.0,0.16
-78.0,-0.78
-68.0,-0.68
8.0,0.08
-86.0,-0.86
-68.0,-0.68
62.0,0.62
-44.0,-0.44
-152.0,-1.52
-12.0,-0.12
26.0,0.26
-38.0,-0.38
96.0,0.96
202.0,2.02
-162.0,-1.62
-82.0,-0.82
-42.0,-0.42
34.0,0.34
-12.0,-0.12
150.0,1.5
68.0,0.68
-94.0,-0.94
-132.0,-1.32
126.0,1.26
94.0,0.94
-16.0,-0.16
-28.0,-0.28
88.0,0.88
4.0,0.04
6.0,0.06
-36.0,-0.36
-38.0,-0.38
20.0,0.2
234.0,2.34
-22.0,-0.22
-12.0,-0.12
-4.0,-0.04
34.0,0.34
220.0,2.2
-90.0,-0.9
-146.0,-1.46
30.0,0.3
-16.0,-0.16
28.0,0.28
-8.0,-0.08
-32.0,-0.32
66.0,0.66
112.0,1.12
-12.0,-0.12
-82.0,-0.82
258.0,2.58
-84.0,-0.84
-86.0,-0.86
120.0,1.2
-98.0,-0.98
-36.0,-0.36
-16.0,-0.16
-28.0,-0.28
32.0,0.32
-30.0,-0.3
-94.0,-0.94
56.0,0.56
6.0,0.06
84.0,0.84
-120.0,-1.2
-36.0,-0.36
10.0,0.1
-126.0,-1.26
52.0,0.52
-158.0,-1.58
-68.0,-0.68
-92.0,-0.92
-184.0,-1.84
-56.0,-0.56
154.0,1.54
194.0,1.94
-206.0,-2.06
-76.0,-0.76
-50.0,-0.5
10.0,0.1
-338.0,-3.38
-196.0,-1.96
-22.0,-0.22
40.0,0.4
20.0,0.2
8.0,0.08
134.0,1.34
-20.0,-0.2
64.0,0.64
-110.0,-1.1
-36.0,-0.36
74.0,0.74
14.0,0.14
-46.0,-0.46
-154.0,-1.54
154.0,1.54
106.0,1.06
-138.0,-1.38
32.0,0.32
-68.0,-0.68
-92.0,-0.92
46.0,0.46
36.0,0.36
60.0,0.6
-56.0,-0.56
78.0,0.78
-18.0,-0.18
-108.0,-1.08
-2.0,-0.02
-100.0,-1.0
18.0,0.18
82.0,0.82
-96.0,-0.96
-30.0,-0.3
-26.0,-0.26
-70.0,-0.7
-144.0,-1.44
-134.0,-1.34
-74.0,-0.74
170.0,1.7
-70.0,-0.7
68.0,0.68
-54.0,-0.54
-90.0,-0.9
54.0,0.54
-16.0,-0.16
10.0,0.1
102.0,1.02
20.0,0.2
18.0,0.18
128.0,1.28
-144.0,-1.44
32.0,0.32
-6.0,-0.06
-74.0,-0.74
-58.0,-0.58
138.0,1.38
74.0,0.74
102.0,1.02
-164.0,-1.64
-16.0,-0.16
-58.0,-0.58
62.0,0.62
90.0,0.9
-112.0,-1.12
-62.0,-0.62
138.0,1.38
-246.0,-2.46
-2.0,-0.02
-110.0,-1.1
-50.0,-0.5
-156.0,-1.56
138.0,1.38
110.0,1.1
24.0,0.24
-70.0,-0.7
-74.0,-0.74
74.0,0.74
-26.0,-0.26
-94.0,-0.94
136.0,1.36
164.0,1.64
-24.0,-0.24
166.0,1.66
-58.0,-0.58
92.0,0.92
44.0,0.44
-100.0,-1.0
250.0,2.5
42.0,0.42
-152.0,-1.52
88.0,0.88
24.0,0.24
86.0,0.86
-8.0,-0.08
196.0,1.96
106.0,1.06
12.0,0.12
-28.0,-0.28
110.0,1.1
126.0,1.26
0.0,0.0
126.0,1.26
4.0,0.04
-104.0,-1.04
-56.0,-0.56
72.0,0.72
32.0,0.32
-6.0,-0.06
52.0,0.52
-30.0,-0.3
-118.0,-1.18
-114.0,-1.14
84.0,0.84
-18.0,-0.18
174.0,1.74
128.0,1.28
10.0,0.1
74.0,0.74
-124.0,-1.24
-34.0,-0.34
48.0,0.48
-88.0,-0.88
-52.0,-0.52
4.0,0.04
16.0,0.16
-102.0,-1.02
-36.0,-0.36
-186.0,-1.86
182.0,1.82
156.0,1.56
-10.0,-0.1
-54.0,-0.54
32.0,0.32
74.0,0.74
-150.0,-1.5
20.0,0.2
38.0,0.38
-172.0,-1.72
-46.0,-0.46
32.0,0.32
26.0,0.26
-18.0,-0.18
48.0,0.48
-8.0,-0.08
-72.0,-0.72
230.0,2.3
64.0,0.64
-122.0,-1.22
132.0,1.32
220.0,2.2
218.0,2.18
-90.0,-0.9
116.0,1.16
-90.0,-0.9
-8.0,-0.08
26.0,0.26
-150.0,-1.5
-112.0,-1.12
136.0,1.36
-2.0,-0.02
-44.0,-0.44
78.0,0.78
14.0,0.14
-52.0,-0.52
124.0,1.24
-164.0,-1.64
-56.0,-0.56
-58.0,-0.58
-56.0,-0.56
64.0,0.64
-148.0,-1.48
-106.0,-1.06
48.0,0.48
36.0,0.36
8.0,0.08
-98.0,-0.98
32.0,0.32
-36.0,-0.36
70.0,0.7
-142.0,-1.42
-126.0,-1.26
-90.0,-0.9
-10.0,-0.1
144.0,1.44
78.0,0.78
72.0,0.72
-98.0,-0.98
-138.0,-1.38
-100.0,-1.0
-126.0,-1.26
-152.0,-1.52
114.0,1.14
-94.0,-0.94
-176.0,-1.76
90.0,0.9
26.0,0.26
-2.0,-0.02
172.0,1.72
42.0,0.42
-84.0,-0.84
146.0,1.46
88.0,0.88
156.0,1.56
-82.0,-0.82
38.0,0.38
-126.0,-1.26
-4.0,-0.04
-166.0,-1.66
30.0,0.3
-104.0,-1.04
12.0,0.12
-110.0,-1.1
144.0,1.44
-96.0,-0.96
88.0,0.88
174.0,1.74
96.0,0.96
76.0,0.76
126.0,1.26
-90.0,-0.9
-94.0,-0.94
-88.0,-0.88
-80.0,-0.8
-40.0,-0.4
-138.0,-1.38
98.0,0.98
10.0,0.1
-4.0,-0.04
-72.0,-0.72
-56.0,-0.56
-4.0,-0.04
6.0,0.06
-134.0,-1.34
32.0,0.32
0.0,0.0
52.0,0.52
-102.0,-1.02
-164.0,-1.64
34.0,0.34
22.0,0.22
-102.0,-1.02
-86.0,-0.86
-52.0,-0.52
-24.0,-0.24
-8.0,-0.08
54.0,0.54
126.0,1.26
12.0,0.12
92.0,0.92
-168.0,-1.68
16.0,0.16
134.0,1.34
-52.0,-0.52
-26.0,-0.26
-126.0,-1.26
82.0,0.82
-24.0,-0.24
78.0,0.78
60.0,0.6
-102.0,-1.02
50.0,0.5
-80.0,-0.8
176.0,1.76
-62.0,-0.62
-78.0,-0.78
-68.0,-0.68
-32.0,-0.32
0.0,0.0
26.0,0.26
284.0,2.84
-26.0,-0.26
-22.0,-0.22
182.0,1.82
76.0,0.76
-78.0,-0.78
-192.0,-1.92
66.0,0.66
-90.0,-0.9
-148.0,-1.48
-116.0,-1.16
48.0,0.48
-118.0,-1.18
4.0,0.04
-210.0,-2.1
-94.0,-0.94
32.0,0.32
-2.0,-0.02
42.0,0.42
44.0,0.44
12.0,0.12
-8.0,-0.08
62.0,0.62
10.0,0.1
-8.0,-0.08
146.0,1.46
2.0,0.02
16.0,0.16
40.0,0.4
-6.0,-0.06
56.0,0.56
142.0,1.42
-88.0,-0.88
52.0,0.52
-4.0,-0.04
30.0,0.3
-152.0,-1.52
24.0,0.24
40.0,0.4
136.0,1.36
60.0,0.6
-74.0,-0.74
190.0,1.9
58.0,0.58
134.0,1.34
-20.0,-0.2
-18.0,-0.18
-214.0,-2.14
140.0,1.4
-60.0,-0.6
128.0,1.28
-46.0,-0.46
-30.0,-0.3
-56.0,-0.56
84.0,0.84
20.0,0.2
136.0,1.36
-8.0,-0.08
-10.0,-0.1
54.0,0.54
-54.0,-0.54
28.0,0.28
14.0,0.14
72.0,0.72
-28.0,-0.28
284.0,2.84
46.0,0.46
64.0,0.64
-132.0,-1.32
-150.0,-1.5
332.0,3.32
52.0,0.52
-32.0,-0.32
70.0,0.7
52.0,0.52
-26.0,-0.26
88.0,0.88
124.0,1.24
6.0,0.06
-38.0,-0.38
-156.0,-1.56
62.0,0.62
22.0,0.22
-42.0,-0.42
8.0,0.08
156.0,1.56
-34.0,-0.34
-56.0,-0.56
88.0,0.88
-50.0,-0.5
80.0,0.8
-168.0,-1.68
-124.0,-1.24
-54.0,-0.54
174.0,1.74
30.0,0.3
-98.0,-0.98
-222.0,-2.22
-34.0,-0.34
-70.0,-0.7
28.0,0.28
-74.0,-0.74
-122.0,-1.22
-164.0,-1.64
-108.0,-1.08
-14.0,-0.14
148.0,1.48
-82.0,-0.82
-8.0,-0.08
-64.0,-0.64
80.0,0.8
-6.0,-0.06
-248.0,-2.48
2.0,0.02
-50.0,-0.5
52.0,0.52
50.0,0.5
-132.0,-1.32
-74.0,-0.74
42.0,0.42
-222.0,-2.22
88.0,0.88
-98.0,-0.98
28.0,0.28
-20.0,-0.2
-152.0,-1.52
-82.0,-0.82
-98.0,-0.98
-240.0,-2.4
-110.0,-1.1
-76.0,-0.76
52.0,0.52
2.0,0.02
-120.0,-1.2
130.0,1.3
150.0,1.5
210.0,2.1
-60.0,-0.6
-54.0,-0.54
-128.0,-1.28
0.0,0.0
8.0,0.08
114.0,1.14
-32.0,-0.32
-106.0,-1.06
8.0,0.08
-2.0,-0.02
-12.0,-0.12
64.0,0.64
132.0,1.32
-88.0,-0.88
-18.0,-0.18
-146.0,-1.46
98.0,0.98
32.0,0.32
118.0,1.18
26.0,0.26
-82.0,-0.82
72.0,0.72
-44.0,-0.44
12.0,0.12
-66.0,-0.66
100.0,1.0
-50.0,-0.5
-162.0,-1.62
-28.0,-0.28
-50.0,-0.5
28.0,0.28
-268.0,-2.68
106.0,1.06
-180.0,-1.8
-50.0,-0.5
138.0,1.38
-206.0,-2.06
86.0,0.86
-68.0,-0.68
8.0,0.08
-80.0,-0.8
14.0,0.14
-98.0,-0.98
54.0,0.54
-138.0,-1.38
-42.0,-0.42
-2.0,-0.02
194.0,1.94
58.0,0.58
116.0,1.16
-130.0,-1.3
-148.0,-1.48
66.0,0.66
-58.0,-0.58
162.0,1.62
-20.0,-0.2
78.0,0.78
-6.0,-0.06
72.0,0.72
-74.0,-0.74
-36.0,-0.36
-106.0,-1.06
-6.0,-0.06
24.0,0.24
-24.0,-0.24
-6.0,-0.06
24.0,0.24
74.0,0.74
52.0,0.52
-212.0,-2.12
-104.0,-1.04
26.0,0.26
-104.0,-1.04
152.0,1.52
94.0,0.94
-128.0,-1.28
64.0,0.64
-164.0,-1.64
86.0,0.86
106.0,1.06
-32.0,-0.32
-50.0,-0.5
-6.0,-0.06
30.0,0.3
12.0,0.12
12.0,0.12
96.0,0.96
68.0,0.68
42.0,0.42
-2.0,-0.02
-14.0,-0.14
-20.0,-0.2
250.0,2.5
-64.0,-0.64
28.0,0.28
100.0,1.0
14.0,0.14
62.0,0.62
120.0,1.2
-46.0,-0.46
-76.0,-0.76
-200.0,-2.0
138.0,1.38
-34.0,-0.34
10.0,0.1
68.0,0.68
54.0,0.54
-40.0,-0.4
300.0,3.0
44.0,0.44
-68.0,-0.68
-28.0,-0.28
54.0,0.54
-130.0,-1.3
70.0,0.7
-104.0,-1.04
-94.0,-0.94
-42.0,-0.42
66.0,0.66
-34.0,-0.34
-90.0,-0.9
12.0,0.12
94.0,0.94
176.0,1.76
-10.0,-0.1
-34.0,-0.34
72.0,0.72
-252.0,-2.52
-12.0,-0.12
-126.0,-1.26
44.0,0.44
98.0,0.98
-62.0,-0.62
40.0,0.4
30.0,0.3
106.0,1.06
-116.0,-1.16
94.0,0.94
-130.0,-1.3
124.0,1.24
260.0,2.6
-6.0,-0.06
-18.0,-0.18
6.0,0.06
-50.0,-0.5
4.0,0.04
66.0,0.66
-36.0,-0.36
-12.0,-0.12
22.0,0.22
-34.0,-0.34
22.0,0.22
-58.0,-0.58
-134.0,-1.34
64.0,0.64
216.0,2.16
96.0,0.96
88.0,0.88
-196.0,-1.96
0.0,0.0
134.0,1.34
-180.0,-1.8
-106.0,-1.06
180.0,1.8
94.0,0.94
140.0,1.4
122.0,1.22
-70.0,-0.7
132.0,1.32
114.0,1.14
78.0,0.78
170.0,1.7
68.0,0.68
92.0,0.92
-112.0,-1.12
78.0,0.78
96.0,0.96
-212.0,-2.12
66.0,0.66
-130.0,-1.3
84.0,0.84
164.0,1.64
62.0,0.62
-142.0,-1.42
10.0,0.1
-14.0,-0.14
42.0,0.42
-36.0,-0.36
-50.0,-0.5
26.0,0.26
78.0,0.78
-22.0,-0.22
-4.0,-0.04
-86.0,-0.86
-74.0,-0.74
10.0,0.1
-108.0,-1.08
34.0,0.34
126.0,1.26
104.0,1.04
120.0,1.2
62.0,0.62
-212.0,-2.12
-232.0,-2.32
-130.0,-1.3
-60.0,-0.6
-108.0,-1.08
60.0,0.6
32.0,0.32
-56.0,-0.56
-168.0,-1.68
-184.0,-1.84
8.0,0.08
-86.0,-0.86
32.0,0.32
-98.0,-0.98
90.0,0.9
48.0,0.48
-40.0,-0.4
-62.0,-0.62
-44.0,-0.44
-104.0,-1.04
-86.0,-0.86
-24.0,-0.24
138.0,1.38
6.0,0.06
190.0,1.9
26.0,0.26
60.0,0.6
22.0,0.22
110.0,1.1
-156.0,-1.56
-56.0,-0.56
-10.0,-0.1
-52.0,-0.52
94.0,0.94
42.0,0.42
18.0,0.18
40.0,0.4
-216.0,-2.16
-64.0,-0.64
46.0,0.46
50.0,0.5
168.0,1.68
-98.0,-0.98
-52.0,-0.52
-16.0,-0.16
12.0,0.12
-154.0,-1.54
-192.0,-1.92
128.0,1.28
96.0,0.96
2.0,0.02
20.0,0.2
-136.0,-1.36
-90.0,-0.9
64.0,0.64
-264.0,-2.64
30.0,0.3
-32.0,-0.32
-134.0,-1.34
66.0,0.66
-150.0,-1.5
68.0,0.68
102.0,1.02
-124.0,-1.24
154.0,1.54
-88.0,-0.88
32.0,0.32
-18.0,-0.18
42.0,0.42
118.0,1.18
-110.0,-1.1
144.0,1.44
-90.0,-0.9
108.0,1.08
74.0,0.74
-34.0,-0.34
-98.0,-0.98
-8.0,-0.08
-10.0,-0.1
-128.0,-1.28
24.0,0.24
22.0,0.22
82.0,0.82
-82.0,-0.82
-50.0,-0.5
66.0,0.66
-114.0,-1.14
40.0,0.4
-64.0,-0.64
72.0,0.72
-184.0,-1.84
-72.0,-0.72
92.0,0.92
40.0,0.4
154.0,1.54
-128.0,-1.28
72.0,0.72
-146.0,-1.46
-38.0,-0.38
12.0,0.12
16.0,0.16
18.0,0.18
-102.0,-1.02
-88.0,-0.88
88.0,0.88
118.0,1.18
-38.0,-0.38
-166.0,-1.66
80.0,0.8
36.0,0.36
-20.0,-0.2
114.0,1.14
-18.0,-0.18
-200.0,-2.0
6.0,0.06
98.0,0.98
-12.0,-0.12
-62.0,-0.62
-82.0,-0.82
288.0,2.88
-8.0,-0.08
-84.0,-0.84
158.0,1.58
-30.0,-0.3
54.0,0.54
-100.0,-1.0
-10.0,-0.1
132.0,1.32
56.0,0.56
44.0,0.44
-34.0,-0.34
136.0,1.36
-156.0,-1.56
-90.0,-0.9
12.0,0.12
-50.0,-0.5
72.0,0.72
62.0,0.62
160.0,1.6
-30.0,-0.3
134.0,1.34
34.0,0.34
-4.0,-0.04
166.0,1.66
78.0,0.78
-44.0,-0.44
48.0,0.48
130.0,1.3
138.0,1.38
-94.0,-0.94
54.0,0.54
-80.0,-0.8
-64.0,-0.64
38.0,0.38
-102.0,-1.02
4.0,0.04
42.0,0.42
54.0,0.54
-174.0,-1.74
112.0,1.12
46.0,0.46
-196.0,-1.96
88.0,0.88
10.0,0.1
-86.0,-0.86
-132.0,-1.32
-142.0,-1.42
-138.0,-1.38
118.0,1.18
124.0,1.24
-94.0,-0.94
32.0,0.32
-138.0,-1.38
-50.0,-0.5
48.0,0.48
94.0,0.94
60.0,0.6
-180.0,-1.8
-76.0,-0.76
46.0,0.46
36.0,0.36
10.0,0.1
-38.0,-0.38
0.0,0.0
-10.0,-0.1
-2.0,-0.02
-24.0,-0.24
-40.0,-0.4
38.0,0.38
-56.0,-0.56
106.0,1.06
-82.0,-0.82
6.0,0.06
-12.0,-0.12
134.0,1.34
-100.0,-1.0
182.0,1.82
248.0,2.48
-50.0,-0.5
84.0,0.84
-16.0,-0.16
32.0,0.32
-34.0,-0.34
-40.0,-0.4
118.0,1.18
-134.0,-1.34
-16.0,-0.16
138.0,1.38
-274.0,-2.74
8.0,0.08
-62.0,-0.62
-76.0,-0.76
-158.0,-1.58
-278.0,-2.78
-52.0,-0.52
14.0,0.14
-40.0,-0.4
-124.0,-1.24
-36.0,-0.36
-156.0,-1.56
140.0,1.4
-46.0,-0.46
-94.0,-0.94
-68.0,-0.68
266.0,2.66
-40.0,-0.4
-4.0,-0.04
-34.0,-0.34
54.0,0.54
-84.0,-0.84
50.0,0.5
94.0,0.94
-178.0,-1.78
108.0,1.08
-142.0,-1.42
-98.0,-0.98
-110.0,-1.1
206.0,2.06
190.0,1.9
18.0,0.18
140.0,1.4
162.0,1.62
80.0,0.8
-130.0,-1.3
-52.0,-0.52
-2.0,-0.02
38.0,0.38
-130.0,-1.3
-8.0,-0.08
-56.0,-0.56
-146.0,-1.46
-226.0,-2.26
-194.0,-1.94
120.0,1.2
-246.0,-2.46
-36.0,-0.36
-116.0,-1.16
-62.0,-0.62
68.0,0.68
-160.0,-1.6
-122.0,-1.22
16.0,0.16
-100.0,-1.0
-20.0,-0.2
-78.0,-0.78
72.0,0.72
44.0,0.44
30.0,0.3
-12.0,-0.12
80.0,0.8
84.0,0.84
-8.0,-0.08
-66.0,-0.66
-40.0,-0.4
-110.0,-1.1
-76.0,-0.76
-154.0,-1.54
74.0,0.74
-6.0,-0.06
-82.0,-0.82
146.0,1.46
-26.0,-0.26
18.0,0.18
-86.0,-0.86
-96.0,-0.96
148.0,1.48
-68.0,-0.68
68.0,0.68
-50.0,-0.5
-34.0,-0.34
120.0,1.2
-8.0,-0.08
112.0,1.12
-76.0,-0.76
8.0,0.08
-212.0,-2.12
-82.0,-0.82
22.0,0.22
184.0,1.84
-150.0,-1.5
132.0,1.32
-58.0,-0.58
-28.0,-0.28
6.0,0.06
-54.0,-0.54
-46.0,-0.46
-98.0,-0.98
216.0,2.16
214.0,2.14
38.0,0.38
-8.0,-0.08
46.0,0.46
38.0,0.38
-46.0,-0.46
-4.0,-0.04
-20.0,-0.2
-16.0,-0.16
-26.0,-0.26
258.0,2.58
114.0,1.14
26.0,0.26
-112.0,-1.12
-2.0,-0.02
22.0,0.22
188.0,1.88
-2.0,-0.02
16.0,0.16
-42.0,-0.42
-102.0,-1.02
86.0,0.86
20.0,0.2
-28.0,-0.28
-98.0,-0.98
-98.0,-0.98
0.0,0.0
52.0,0.52
64.0,0.64
-166.0,-1.66
42.0,0.42
-4.0,-0.04
-2.0,-0.02
88.0,0.88
-308.0,-3.08
2.0,0.02
242.0,2.42
8.0,0.08
256.0,2.56
-8.0,-0.08
148.0,1.48
-150.0,-1.5
-8.0,-0.08
124.0,1.24
-78.0,-0.78
62.0,0.62
-122.0,-1.22
-98.0,-0.98
-50.0,-0.5
-28.0,-0.28
-20.0,-0.2
-58.0,-0.58
-154.0,-1.54
-126.0,-1.26
-12.0,-0.12
-170.0,-1.7
44.0,0.44
12.0,0.12
-36.0,-0.36
16.0,0.16
-118.0,-1.18
-198.0,-1.98
-140.0,-1.4
42.0,0.42
32.0,0.32
-38.0,-0.38
58.0,0.58
134.0,1.34
62.0,0.62
-190.0,-1.9
-78.0,-0.78
-6.0,-0.06
170.0,1.7
196.0,1.96
26.0,0.26
-30.0,-0.3
-104.0,-1.04
130.0,1.3
148.0,1.48
-34.0,-0.34
26.0,0.26
-142.0,-1.42
106.0,1.06
-130.0,-1.3
-6.0,-0.06
-78.0,-0.78
-112.0,-1.12
26.0,0.26
86.0,0.86
-62.0,-0.62
24.0,0.24
-78.0,-0.78
-14.0,-0.14
186.0,1.86
-64.0,-0.64
24.0,0.24
108.0,1.08
-28.0,-0.28
-176.0,-1.76
44.0,0.44
-138.0,-1.38
-98.0,-0.98
-172.0,-1.72
118.0,1.18
206.0,2.06
-112.0,-1.12
192.0,1.92
-120.0,-1.2
138.0,1.38
108.0,1.08
172.0,1.72
-90.0,-0.9
-6.0,-0.06
-188.0,-1.88
92.0,0.92
-100.0,-1.0
-24.0,-0.24
8.0,0.08
48.0,0.48
190.0,1.9
-24.0,-0.24
0.0,0.0
150.0,1.5
62.0,0.62
-102.0,-1.02
-166.0,-1.66
-126.0,-1.26
-142.0,-1.42
-232.0,-2.32
70.0,0.7
-168.0,-1.68
-152.0,-1.52
-120.0,-1.2
-20.0,-0.2
-136.0,-1.36
-2.0,-0.02
40.0,0.4
110.0,1.1
166.0,1.66
44.0,0.44
180.0,1.8
220.0,2.2
46.0,0.46
174.0,1.74
8.0,0.08
-120.0,-1.2
102.0,1.02
48.0,0.48
36.0,0.36
70.0,0.7
102.0,1.02
-2.0,-0.02
2.0,0.02
128.0,1.28
-50.0,-0.5
-80.0,-0.8
168.0,1.68
38.0,0.38
12.0,0.12
-158.0,-1.58
-30.0,-0.3
-68.0,-0.68
18.0,0.18
60.0,0.6
-24.0,-0.24
-78.0,-0.78
190.0,1.9
-4.0,-0.04
106.0,1.06
58.0,0.58
-164.0,-1.64
-86.0,-0.86
100.0,1.0
160.0,1.6
2.0,0.02
170.0,1.7
-44.0,-0.44
-54.0,-0.54
-24.0,-0.24
20.0,0.2
110.0,1.1
98.0,0.98
22.0,0.22
74.0,0.74
22.0,0.22
-152.0,-1.52
-14.0,-0.14
56.0,0.56
-24.0,-0.24
-120.0,-1.2
74.0,0.74
162.0,1.62
22.0,0.22
50.0,0.5
-20.0,-0.2
-220.0,-2.2
-168.0,-1.68
-140.0,-1.4
2.0,0.02
-160.0,-1.6
14.0,0.14
46.0,0.46
-120.0,-1.2
244.0,2.44
22.0,0.22
-140.0,-1.4
94.0,0.94
2.0,0.02
-138.0,-1.38
-62.0,-0.62
-90.0,-0.9
108.0,1.08
-24.0,-0.24
-180.0,-1.8
62.0,0.62
-178.0,-1.78
-142.0,-1.42
76.0,0.76
-52.0,-0.52
-20.0,-0.2
-60.0,-0.6
22.0,0.22
100.0,1.0
-54.0,-0.54
16.0,0.16
-126.0,-1.26
-80.0,-0.8
28.0,0.28
80.0,0.8
-38.0,-0.38
212.0,2.12
-90.0,-0.9
-136.0,-1.36
-84.0,-0.84
-46.0,-0.46
-64.0,-0.64
52.0,0.52
-12.0,-0.12
-40.0,-0.4
-54.0,-0.54
-14.0,-0.14
54.0,0.54
18.0,0.18
-12.0,-0.12
54.0,0.54
-68.0,-0.68
-196.0,-1.96
26.0,0.26
-44.0,-0.44
-14.0,-0.14
184.0,1.84
-108.0,-1.08
20.0,0.2
-36.0,-0.36
-106.0,-1.06
-226.0,-2.26
-36.0,-0.36
-12.0,-0.12
-2.0,-0.02
-28.0,-0.28
70.0,0.7
-46.0,-0.46
-78.0,-0.78
16.0,0.16
108.0,1.08
64.0,0.64
74.0,0.74
-44.0,-0.44
62.0,0.62
12.0,0.12
54.0,0.54
-148.0,-1.48
-66.0,-0.66
-20.0,-0.2
50.0,0.5
-30.0,-0.3
-82.0,-0.82
2.0,0.02
-90.0,-0.9
6.0,0.06
-70.0,-0.7
-52.0,-0.52
-70.0,-0.7
74.0,0.74
54.0,0.54
92.0,0.92
-16.0,-0.16
10.0,0.1
6.0,0.06
-44.0,-0.44
54.0,0.54
-38.0,-0.38
-72.0,-0.72
116.0,1.16
-72.0,-0.72
-6.0,-0.06
-80.0,-0.8
-56.0,-0.56
-78.0,-0.78
-48.0,-0.48
64.0,0.64
-18.0,-0.18
16.0,0.16
22.0,0.22
-320.0,-3.2
150.0,1.5
-34.0,-0.34
-46.0,-0.46
-86.0,-0.86
16.0,0.16
66.0,0.66
-108.0,-1.08
34.0,0.34
-42.0,-0.42
14.0,0.14
144.0,1.44
-154.0,-1.54
8.0,0.08
-118.0,-1.18
62.0,0.62
-18.0,-0.18
46.0,0.46
-122.0,-1.22
150.0,1.5
14.0,0.14
-60.0,-0.6
98.0,0.98
-86.0,-0.86
-82.0,-0.82
-200.0,-2.0
62.0,0.62
-42.0,-0.42
12.0,0.12
-112.0,-1.12
242.0,2.42
-76.0,-0.76
-50.0,-0.5
18.0,0.18
42.0,0.42
-80.0,-0.8
54.0,0.54
-98.0,-0.98
-74.0,-0.74
112.0,1.12
2.0,0.02
26.0,0.26
138.0,1.38
46.0,0.46
-208.0,-2.08
108.0,1.08
36.0,0.36
-100.0,-1.0
-80.0,-0.8
60.0,0.6
-246.0,-2.46
-94.0,-0.94
-152.0,-1.52
-4.0,-0.04
-58.0,-0.58
4.0,0.04
6.0,0.06
82.0,0.82
-96.0,-0.96
-62.0,-0.62
-70.0,-0.7
58.0,0.58
-18.0,-0.18
-38.0,-0.38
238.0,2.38
20.0,0.2
114.0,1.14
-12.0,-0.12
14.0,0.14
74.0,0.74
54.0,0.54
-42.0,-0.42
-12.0,-0.12
68.0,0.68
46.0,0.46
30.0,0.3
54.0,0.54
16.0,0.16
-116.0,-1.16
238.0,2.38
88.0,0.88
48.0,0.48
144.0,1.44
204.0,2.04
4.0,0.04
-118.0,-1.18
-140.0,-1.4
98.0,0.98
-130.0,-1.3
2.0,0.02
6.0,0.06
-136.0,-1.36
-122.0,-1.22
68.0,0.68
126.0,1.26
36.0,0.36
4.0,0.04
16.0,0.16
74.0,0.74
96.0,0.96
-30.0,-0.3
-106.0,-1.06
168.0,1.68
-156.0,-1.56
82.0,0.82
96.0,0.96
66.0,0.66
6.0,0.06
96.0,0.96
0.0,0.0
62.0,0.62
32.0,0.32
-54.0,-0.54
26.0,0.26
-98.0,-0.98
18.0,0.18
68.0,0.68
-206.0,-2.06
-36.0,-0.36
176.0,1.76
2.0,0.02
-82.0,-0.82
32.0,0.32
200.0,2.0
-46.0,-0.46
186.0,1.86
-34.0,-0.34
64.0,0.64
32.0,0.32
-132.0,-1.32
-40.0,-0.4
236.0,2.36
6.0,0.06
-40.0,-0.4
8.0,0.08
-156.0,-1.56
30.0,0.3
-78.0,-0.78
-88.0,-0.88
-126.0,-1.26
-12.0,-0.12
6.0,0.06
190.0,1.9
-132.0,-1.32
-84.0,-0.84
76.0,0.76
-210.0,-2.1
-46.0,-0.46
-54.0,-0.54
-82.0,-0.82
2.0,0.02
12.0,0.12
-114.0,-1.14
-166.0,-1.66
94.0,0.94
-130.0,-1.3
30.0,0.3
96.0,0.96
20.0,0.2
190.0,1.9
10.0,0.1
38.0,0.38
108.0,1.08
82.0,0.82
86.0,0.86
-14.0,-0.14
-24.0,-0.24
30.0,0.3
24.0,0.24
-86.0,-0.86
134.0,1.34
36.0,0.36
-222.0,-2.22
-116.0,-1.16
-128.0,-1.28
-56.0,-0.56
162.0,1.62
132.0,1.32
22.0,0.22
-254.0,-2.54
16.0,0.16
26.0,0.26
152.0,1.52
156.0,1.56
-18.0,-0.18
106.0,1.06
202.0,2.02
230.0,2.3
114.0,1.14
-22.0,-0.22
74.0,0.74
-70.0,-0.7
166.0,1.66
-2.0,-0.02
-78.0,-0.78
-68.0,-0.68
226.0,2.26
40.0,0.4
-78.0,-0.78
-54.0,-0.54
2.0,0.02
-8.0,-0.08
14.0,0.14
-2.0,-0.02
-22.0,-0.22
-74.0,-0.74
126.0,1.26
-150.0,-1.5
74.0,0.74
-40.0,-0.4
-30.0,-0.3
-26.0,-0.26
32.0,0.32
56.0,0.56
26.0,0.26
44.0,0.44
-164.0,-1.64
190.0,1.9
70.0,0.7
-10.0,-0.1
-94.0,-0.94
-44.0,-0.44
34.0,0.34
-132.0,-1.32
-122.0,-1.22
-40.0,-0.4
126.0,1.26
66.0,0.66
112.0,1.12
30.0,0.3
74.0,0.74
96.0,0.96
84.0,0.84
-132.0,-1.32
-58.0,-0.58
-12.0,-0.12
206.0,2.06
-146.0,-1.46
-76.0,-0.76
44.0,0.44
100.0,1.0
-32.0,-0.32
14.0,0.14
-8.0,-0.08
-98.0,-0.98
-144.0,-1.44
-12.0,-0.12
-190.0,-1.9
16.0,0.16
18.0,0.18
-60.0,-0.6
8.0,0.08
-142.0,-1.42
0.0,0.0
54.0,0.54
36.0,0.36
-16.0,-0.16
-126.0,-1.26
-4.0,-0.04
148.0,1.48
96.0,0.96
-222.0,-2.22
-100.0,-1.0
-216.0,-2.16
-52.0,-0.52
86.0,0.86
64.0,0.64
-70.0,-0.7
54.0,0.54
94.0,0.94
76.0,0.76
58.0,0.58
-88.0,-0.88
-120.0,-1.2
30.0,0.3
106.0,1.06
128.0,1.28
74.0,0.74
60.0,0.6
34.0,0.34
-130.0,-1.3
-14.0,-0.14
74.0,0.74
56.0,0.56
166.0,1.66
-2.0,-0.02
16.0,0.16
-42.0,-0.42
76.0,0.76
-28.0,-0.28
-106.0,-1.06
-56.0,-0.56
-48.0,-0.48
116.0,1.16
152.0,1.52
212.0,2.12
170.0,1.7
14.0,0.14
20.0,0.2
162.0,1.62
108.0,1.08
-26.0,-0.26
136.0,1.36
30.0,0.3
-46.0,-0.46
126.0,1.26
-154.0,-1.54
136.0,1.36
-20.0,-0.2
98.0,0.98
76.0,0.76
28.0,0.28
-36.0,-0.36
-100.0,-1.0
-174.0,-1.74
12.0,0.12
-148.0,-1.48
194.0,1.94
-140.0,-1.4
-4.0,-0.04
-82.0,-0.82
-188.0,-1.88
-20.0,-0.2
-204.0,-2.04
38.0,0.38
-6.0,-0.06
188.0,1.88
14.0,0.14
-124.0,-1.24
66.0,0.66
104.0,1.04
-158.0,-1.58
34.0,0.34
110.0,1.1
-6.0,-0.06
-40.0,-0.4
86.0,0.86
-128.0,-1.28
-186.0,-1.86
-56.0,-0.56
0.0,0.0
108.0,1.08
158.0,1.58
-46.0,-0.46
146.0,1.46
98.0,0.98
-140.0,-1.4
46.0,0.46
-86.0,-0.86
80.0,0.8
-42.0,-0.42
-114.0,-1.14
106.0,1.06
-78.0,-0.78
-68.0,-0.68
52.0,0.52
-54.0,-0.54
128.0,1.28
-248.0,-2.48
-20.0,-0.2
-42.0,-0.42
90.0,0.9
8.0,0.08
-150.0,-1.5
66.0,0.66
2.0,0.02
178.0,1.78
-312.0,-3.12
30.0,0.3
136.0,1.36
116.0,1.16
-2.0,-0.02
28.0,0.28
-162.0,-1.62
152.0,1.52
-182.0,-1.82
52.0,0.52
-140.0,-1.4
-142.0,-1.42
122.0,1.22
122.0,1.22
88.0,0.88
148.0,1.48
-132.0,-1.32
70.0,0.7
66.0,0.66
140.0,1.4
-74.0,-0.74
148.0,1.48
-48.0,-0.48
56.0,0.56
64.0,0.64
-32.0,-0.32
-16.0,-0.16
-6.0,-0.06
-24.0,-0.24
66.0,0.66
-152.0,-1.52
-12.0,-0.12
170.0,1.7
-62.0,-0.62
42.0,0.42
-44.0,-0.44
-64.0,-0.64
38.0,0.38
66.0,0.66
-64.0,-0.64
76.0,0.76
-140.0,-1.4
-10.0,-0.1
-12.0,-0.12
-4.0,-0.04
-48.0,-0.48
-58.0,-0.58
158.0,1.58
-32.0,-0.32
-30.0,-0.3
-232.0,-2.32
26.0,0.26
-50.0,-0.5
74.0,0.74
-10.0,-0.1
92.0,0.92
136.0,1.36
-24.0,-0.24
-68.0,-0.68
-118.0,-1.18
-54.0,-0.54
-144.0,-1.44
-12.0,-0.12
-8.0,-0.08
-30.0,-0.3
-18.0,-0.18
154.0,1.54
-88.0,-0.88
-44.0,-0.44
42.0,0.42
234.0,2.34
90.0,0.9
128.0,1.28
28.0,0.28
-74.0,-0.74
128.0,1.28
30.0,0.3
100.0,1.0
126.0,1.26
-42.0,-0.42
54.0,0.54
38.0,0.38
-72.0,-0.72
152.0,1.52
-84.0,-0.84
-14.0,-0.14
-34.0,-0.34
66.0,0.66
-74.0,-0.74
-6.0,-0.06
20.0,0.2
4.0,0.04
124.0,1.24
-6.0,-0.06
-66.0,-0.66
-160.0,-1.6
22.0,0.22
146.0,1.46
-62.0,-0.62
-128.0,-1.28
-60.0,-0.6
-72.0,-0.72
-20.0,-0.2
10.0,0.1
122.0,1.22
-54.0,-0.54
-134.0,-1.34
18.0,0.18
-98.0,-0.98
-42.0,-0.42
54.0,0.54
-84.0,-0.84
-76.0,-0.76
120.0,1.2
-50.0,-0.5
132.0,1.32
58.0,0.58
36.0,0.36
44.0,0.44
-188.0,-1.88
104.0,1.04
8.0,0.08
-134.0,-1.34
-76.0,-0.76
44.0,0.44
104.0,1.04
-50.0,-0.5
-38.0,-0.38
-2.0,-0.02
74.0,0.74
-84.0,-0.84
98.0,0.98
52.0,0.52
-64.0,-0.64
14.0,0.14
96.0,0.96
-74.0,-0.74
102.0,1.02
-44.0,-0.44
-42.0,-0.42
172.0,1.72
-74.0,-0.74
-100.0,-1.0
-4.0,-0.04
-2.0,-0.02
-42.0,-0.42
-40.0,-0.4
70.0,0.7
-28.0,-0.28
18.0,0.18
60.0,0.6
38.0,0.38
108.0,1.08
44.0,0.44
48.0,0.48
-126.0,-1.26
-114.0,-1.14
-130.0,-1.3
16.0,0.16
-76.0,-0.76
152.0,1.52
-16.0,-0.16
-56.0,-0.56
-66.0,-0.66
-140.0,-1.4
94.0,0.94
-120.0,-1.2
-116.0,-1.16
-166.0,-1.66
30.0,0.3
90.0,0.9
48.0,0.48
16.0,0.16
182.0,1.82
90.0,0.9
48.0,0.48
-32.0,-0.32
-34.0,-0.34
20.0,0.2
-2.0,-0.02
-172.0,-1.72
82.0,0.82
14.0,0.14
44.0,0.44
-190.0,-1.9
-70.0,-0.7
92.0,0.92
-98.0,-0.98
-26.0,-0.26
-68.0,-0.68
-6.0,-0.06
-50.0,-0.5
-194.0,-1.94
-50.0,-0.5
-40.0,-0.4
136.0,1.36
54.0,0.54
-26.0,-0.26
48.0,0.48
-166.0,-1.66
-32.0,-0.32
-58.0,-0.58
-162.0,-1.62
-140.0,-1.4
-74.0,-0.74
-40.0,-0.4
-118.0,-1.18
-122.0,-1.22
14.0,0.14
40.0,0.4
114.0,1.14
32.0,0.32
-102.0,-1.02
132.0,1.32
-128.0,-1.28
24.0,0.24
68.0,0.68
-54.0,-0.54
26.0,0.26
-70.0,-0.7
-68.0,-0.68
6.0,0.06
-128.0,-1.28
-80.0,-0.8
-20.0,-0.2
108.0,1.08
10.0,0.1
-152.0,-1.52
-44.0,-0.44
26.0,0.26
26.0,0.26
-160.0,-1.6
112.0,1.12
-86.0,-0.86
-134.0,-1.34
-170.0,-1.7
-68.0,-0.68
-76.0,-0.76
146.0,1.46
70.0,0.7
166.0,1.66
62.0,0.62
98.0,0.98
50.0,0.5
-104.0,-1.04
-44.0,-0.44
-16.0,-0.16
18.0,0.18
14.0,0.14
8.0,0.08
-200.0,-2.0
-58.0,-0.58
26.0,0.26
-2.0,-0.02
-88.0,-0.88
152.0,1.52
-18.0,-0.18
18.0,0.18
-292.0,-2.92
72.0,0.72
-26.0,-0.26
8.0,0.08
-122.0,-1.22
66.0,0.66
48.0,0.48
-90.0,-0.9
-48.0,-0.48
70.0,0.7
168.0,1.68
-2.0,-0.02
-22.0,-0.22
-152.0,-1.52
218.0,2.18
126.0,1.26
-12.0,-0.12
-80.0,-0.8
226.0,2.26
74.0,0.74
154.0,1.54
-26.0,-0.26
24.0,0.24
94.0,0.94
-68.0,-0.68
-56.0,-0.56
-94.0,-0.94
72.0,0.72
94.0,0.94
0.0,0.0
-50.0,-0.5
-72.0,-0.72
-54.0,-0.54
4.0,0.04
144.0,1.44
-28.0,-0.28
12.0,0.12
-216.0,-2.16
-10.0,-0.1
94.0,0.94
-54.0,-0.54
202.0,2.02
186.0,1.86
-50.0,-0.5
-96.0,-0.96
44.0,0.44
150.0,1.5
-122.0,-1.22
-232.0,-2.32
34.0,0.34
-20.0,-0.2
124.0,1.24
160.0,1.6
-74.0,-0.74
86.0,0.86
136.0,1.36
-118.0,-1.18
18.0,0.18
110.0,1.1
-26.0,-0.26
-26.0,-0.26
-28.0,-0.28
74.0,0.74
104.0,1.04
126.0,1.26
80.0,0.8
-34.0,-0.34
-88.0,-0.88
-76.0,-0.76
-170.0,-1.7
-8.0,-0.08
18.0,0.18
128.0,1.28
52.0,0.52
-154.0,-1.54
-56.0,-0.56
-60.0,-0.6
-194.0,-1.94
44.0,0.44
30.0,0.3
-228.0,-2.28
-172.0,-1.72
98.0,0.98
84.0,0.84
-106.0,-1.06
134.0,1.34
-158.0,-1.58
-176.0,-1.76
-66.0,-0.66
0.0,0.0
180.0,1.8
90.0,0.9
-82.0,-0.82
-108.0,-1.08
166.0,1.66
52.0,0.52
-44.0,-0.44
-26.0,-0.26
-36.0,-0.36
230.0,2.3
-16.0,-0.16
44.0,0.44
-94.0,-0.94
26.0,0.26
-78.0,-0.78
12.0,0.12
-62.0,-0.62
80.0,0.8
-110.0,-1.1
114.0,1.14
42.0,0.42
40.0,0.4
104.0,1.04
-10.0,-0.1
74.0,0.74
-114.0,-1.14
-108.0,-1.08
18.0,0.18
